This is pdfTeX, Version 3.141592653-2.6-1.40.29 (TeX Live 2026) (preloaded format=pdflatex 2026.4.18)  4 JUN 2026 19:02
entering extended mode
 restricted \write18 enabled.
 %&-line parsing enabled.
**My_practice.tex
(./My_practice.tex
LaTeX2e <2025-11-01>
L3 programming layer <2026-03-20>
(./template_settings/ch_preamble.tex
(d:/texlive/2026/texmf-dist/tex/latex/nag/nag.sty
Package: nag 2011/11/25 0.7 warning about old commands (ulmi)
\c@nag@c=\count275
\c@nag@sins=\count276
Package nag Info: Loaded nag-l2tabu.cfg  on input line 552.

(d:/texlive/2026/texmf-dist/tex/latex/nag/nag-l2tabu.cfg
File: nag-l2tabu.cfg 2010/05/17 v2.11 l2tabu rules for nag.sty (ulmi)
)
Package nag Info: Loaded nag-orthodox.cfg  on input line 552.

(d:/texlive/2026/texmf-dist/tex/latex/nag/nag-orthodox.cfg
File: nag-orthodox.cfg 2006/04/19 v1.8 strict rules for nag.sty (ulmi)
))
(d:/texlive/2026/texmf-dist/tex/latex/memoir/memoir.cls
Document Class: memoir 2025/11/04 v3.8.4b configurable book, report, article do
cument class
(d:/texlive/2026/texmf-dist/tex/latex/xpatch/xpatch.sty
(d:/texlive/2026/texmf-dist/tex/latex/l3kernel/expl3.sty
Package: expl3 2026-03-20 L3 programming layer (loader) 

(d:/texlive/2026/texmf-dist/tex/latex/l3backend/l3backend-pdftex.def
File: l3backend-pdftex.def 2026-02-18 L3 backend support: PDF output (pdfTeX)
\l__color_backend_stack_int=\count277
))
Package: xpatch 2020/03/25 v0.3a Extending etoolbox patching commands

(d:/texlive/2026/texmf-dist/tex/latex/l3packages/xparse/xparse.sty
Package: xparse 2025-10-09 L3 Experimental document command parser
)
(d:/texlive/2026/texmf-dist/tex/latex/etoolbox/etoolbox.sty
Package: etoolbox 2025/10/02 v2.5m e-TeX tools for LaTeX (JAW)
\etb@tempcnta=\count278
))
\onelineskip=\skip49
\lxvchars=\skip50
\xlvchars=\skip51
\@memcnta=\count279
\c@@memmarkcntra=\count280

(d:/texlive/2026/texmf-dist/tex/generic/iftex/iftex.sty
Package: iftex 2024/12/12 v1.0g TeX engine tests
)
\trimtop=\skip52
\trimedge=\skip53
LaTeX Font Info:    Trying to load font information for T1+lmr on input line 67
1.

(d:/texlive/2026/texmf-dist/tex/latex/lm/t1lmr.fd
File: t1lmr.fd 2015/05/01 v1.6.1 Font defs for Latin Modern
)
(./template_settings/bpfont14.clo
File: bpfont14.clo 2008/01/30 v0.4 memoir class 14pt size option
)
(d:/texlive/2026/texmf-dist/tex/latex/lm/lmodern.sty
Package: lmodern 2015/05/01 v1.6.1 Latin Modern Fonts
LaTeX Font Info:    Overwriting symbol font `operators' in version `normal'
(Font)                  OT1/cmr/m/n --> OT1/lmr/m/n on input line 22.
LaTeX Font Info:    Overwriting symbol font `letters' in version `normal'
(Font)                  OML/cmm/m/it --> OML/lmm/m/it on input line 23.
LaTeX Font Info:    Overwriting symbol font `symbols' in version `normal'
(Font)                  OMS/cmsy/m/n --> OMS/lmsy/m/n on input line 24.
LaTeX Font Info:    Overwriting symbol font `largesymbols' in version `normal'
(Font)                  OMX/cmex/m/n --> OMX/lmex/m/n on input line 25.
LaTeX Font Info:    Overwriting symbol font `operators' in version `bold'
(Font)                  OT1/cmr/bx/n --> OT1/lmr/bx/n on input line 26.
LaTeX Font Info:    Overwriting symbol font `letters' in version `bold'
(Font)                  OML/cmm/b/it --> OML/lmm/b/it on input line 27.
LaTeX Font Info:    Overwriting symbol font `symbols' in version `bold'
(Font)                  OMS/cmsy/b/n --> OMS/lmsy/b/n on input line 28.
LaTeX Font Info:    Overwriting symbol font `largesymbols' in version `bold'
(Font)                  OMX/cmex/m/n --> OMX/lmex/m/n on input line 29.
LaTeX Font Info:    Overwriting math alphabet `\mathbf' in version `normal'
(Font)                  OT1/cmr/bx/n --> OT1/lmr/bx/n on input line 31.
LaTeX Font Info:    Overwriting math alphabet `\mathsf' in version `normal'
(Font)                  OT1/cmss/m/n --> OT1/lmss/m/n on input line 32.
LaTeX Font Info:    Overwriting math alphabet `\mathit' in version `normal'
(Font)                  OT1/cmr/m/it --> OT1/lmr/m/it on input line 33.
LaTeX Font Info:    Overwriting math alphabet `\mathtt' in version `normal'
(Font)                  OT1/cmtt/m/n --> OT1/lmtt/m/n on input line 34.
LaTeX Font Info:    Overwriting math alphabet `\mathbf' in version `bold'
(Font)                  OT1/cmr/bx/n --> OT1/lmr/bx/n on input line 35.
LaTeX Font Info:    Overwriting math alphabet `\mathsf' in version `bold'
(Font)                  OT1/cmss/bx/n --> OT1/lmss/bx/n on input line 36.
LaTeX Font Info:    Overwriting math alphabet `\mathit' in version `bold'
(Font)                  OT1/cmr/bx/it --> OT1/lmr/bx/it on input line 37.
LaTeX Font Info:    Overwriting math alphabet `\mathtt' in version `bold'
(Font)                  OT1/cmtt/m/n --> OT1/lmtt/m/n on input line 38.
)
(d:/texlive/2026/texmf-dist/tex/latex/base/fontenc.sty
Package: fontenc 2025/07/18 v2.1d Standard LaTeX package
)
\binding=\skip54
\spinemargin=\skip55
\foremargin=\skip56
\uppermargin=\skip57
\lowermargin=\skip58
\headdrop=\skip59
\normalrulethickness=\skip60
\mem@maxheadheight=\skip61
\mem@maxfootheight=\skip62
\headwidth=\skip63
\c@storedpagenumber=\count281
\memPD=\dimen150
\m@mabparskip=\skip64
\thanksmarkwidth=\skip65
\thanksmarksep=\skip66
\droptitle=\skip67
\c@book=\count282
\c@part=\count283
\c@chapter=\count284
\c@section=\count285
\c@subsection=\count286
\c@subsubsection=\count287
\c@paragraph=\count288
\c@subparagraph=\count289
\beforechapskip=\skip68
\midchapskip=\skip69
\afterchapskip=\skip70
\chapindent=\skip71
\bottomsectionskip=\skip72
\secindent=\skip73
\beforesecskip=\skip74
\aftersecskip=\skip75
\subsecindent=\skip76
\beforesubsecskip=\skip77
\aftersubsecskip=\skip78
\subsubsecindent=\skip79
\beforesubsubsecskip=\skip80
\aftersubsubsecskip=\skip81
\paraindent=\skip82
\beforeparaskip=\skip83
\afterparaskip=\skip84
\subparaindent=\skip85
\beforesubparaskip=\skip86
\aftersubparaskip=\skip87
\pfbreakskip=\skip88
\c@@ppsavesec=\count290
\c@@ppsaveapp=\count291
\ragrparindent=\dimen151
\everylistparindent=\dimen152
\parsepi=\skip89
\topsepi=\skip90
\itemsepi=\skip91
\parsepii=\skip92
\topsepii=\skip93
\topsepiii=\skip94
\itemsepii=\skip95
\itemsepiii=\skip96
\partopsepii=\skip97
\partopsepiii=\skip98
\m@msavetopsep=\skip99
\m@msavepartopsep=\skip100
\@enLab=\toks17
\abstitleskip=\skip101
\absleftindent=\skip102
\abs@leftindent=\dimen153
\absrightindent=\skip103
\absparindent=\skip104
\absparsep=\skip105
\c@vslineno=\count292
\c@poemline=\count293
\c@modulo@vs=\count294
\c@memfvsline=\count295
\vleftskip=\skip106
\vrightskip=\skip107
\stanzaskip=\skip108
\versewidth=\skip109
\vgap=\skip110
\vindent=\skip111
\vleftmargin=\dimen154
\c@verse=\count296
\c@chrsinstr=\count297
\beforepoemtitleskip=\skip112
\afterpoemtitleskip=\skip113
\c@poem=\count298
\beforePoemTitleskip=\skip114
\midPoemTitleskip=\skip115
\afterPoemTitleskip=\skip116

(d:/texlive/2026/texmf-dist/tex/latex/tools/array.sty
Package: array 2025/09/25 v2.6n Tabular extension package (FMi)
\col@sep=\dimen155
\ar@mcellbox=\box53
\extrarowheight=\dimen156
\NC@list=\toks18
\extratabsurround=\skip117
\backup@length=\skip118
\ar@cellbox=\box54
)
(d:/texlive/2026/texmf-dist/tex/latex/tools/dcolumn.sty
Package: dcolumn 2025/10/21 v1.06 decimal alignment package (DPC)
)
(d:/texlive/2026/texmf-dist/tex/latex/tools/delarray.sty
Package: delarray 2014/10/28 v1.01 array delimiter package (DPC)
)
(d:/texlive/2026/texmf-dist/tex/latex/tools/tabularx.sty
Package: tabularx 2023/12/11 v2.12a `tabularx' package (DPC)
\TX@col@width=\dimen157
\TX@old@table=\dimen158
\TX@old@col=\dimen159
\TX@target=\dimen160
\TX@delta=\dimen161
\TX@cols=\count299
\TX@ftn=\toks19
)
(d:/texlive/2026/texmf-dist/tex/latex/booktabs/booktabs.sty
Package: booktabs 2020/01/12 v1.61803398 Publication quality tables
\heavyrulewidth=\dimen162
\lightrulewidth=\dimen163
\cmidrulewidth=\dimen164
\belowrulesep=\dimen165
\belowbottomsep=\dimen166
\aboverulesep=\dimen167
\abovetopsep=\dimen168
\cmidrulesep=\dimen169
\cmidrulekern=\dimen170
\defaultaddspace=\dimen171
\@cmidla=\count300
\@cmidlb=\count301
\@aboverulesep=\dimen172
\@belowrulesep=\dimen173
\@thisruleclass=\count302
\@lastruleclass=\count303
\@thisrulewidth=\dimen174
)
\ctableftskip=\skip119
\ctabrightskip=\skip120
\abovecolumnspenalty=\count304
\@linestogo=\count305
\@cellstogo=\count306
\@cellsincolumn=\count307
\crtok=\toks20
\@mincolumnwidth=\dimen175
\c@newflo@tctr=\count308
\mem@margin@floatbox=\box55
\@contcwidth=\skip121
\@contindw=\skip122
\abovecaptionskip=\skip123
\belowcaptionskip=\skip124
\subfloattopskip=\skip125
\subfloatcapskip=\skip126
\subfloatcaptopadj=\skip127
\subfloatbottomskip=\skip128
\subfloatlabelskip=\skip129
\subfloatcapmargin=\dimen176
\c@@contsubnum=\count309
\m@mscap@capbox=\box56
\m@mscap@fbox=\box57
\sidecapsep=\dimen177
\sidecapwidth=\dimen178
\m@m@tempdima=\dimen179
\m@mscapraise=\dimen180
\sidecapraise=\dimen181
\m@mscapmainwidth=\dimen182
\m@mscaplkern=\dimen183
\beforeepigraphskip=\skip130
\afterepigraphskip=\skip131
\epigraphwidth=\skip132
\epigraphrule=\skip133

(d:/texlive/2026/texmf-dist/tex/latex/hyperref/nameref.sty
Package: nameref 2026-01-29 v2.58 Cross-referencing by name of section

(d:/texlive/2026/texmf-dist/tex/latex/refcount/refcount.sty
Package: refcount 2019/12/15 v3.6 Data extraction from label references (HO)

(d:/texlive/2026/texmf-dist/tex/generic/ltxcmds/ltxcmds.sty
Package: ltxcmds 2023-12-04 v1.26 LaTeX kernel commands for general use (HO)
)
(d:/texlive/2026/texmf-dist/tex/generic/infwarerr/infwarerr.sty
Package: infwarerr 2019/12/03 v1.5 Providing info/warning/error messages (HO)
))
(d:/texlive/2026/texmf-dist/tex/generic/gettitlestring/gettitlestring.sty
Package: gettitlestring 2019/12/15 v1.6 Cleanup title references (HO)

(d:/texlive/2026/texmf-dist/tex/latex/kvoptions/kvoptions.sty
Package: kvoptions 2022-06-15 v3.15 Key value format for package options (HO)

(d:/texlive/2026/texmf-dist/tex/latex/graphics/keyval.sty
Package: keyval 2022/05/29 v1.15 key=value parser (DPC)
\KV@toks@=\toks21
)
(d:/texlive/2026/texmf-dist/tex/latex/kvsetkeys/kvsetkeys.sty
Package: kvsetkeys 2022-10-05 v1.19 Key value parser (HO)
)))
\c@section@level=\count310
)
\tocentryskip=\skip134
\tocbaseline=\skip135
\cftparskip=\skip136
\cftbeforebookskip=\skip137
\cftbookindent=\dimen184
\cftbooknumwidth=\dimen185
\cftbeforepartskip=\skip138
\cftpartindent=\skip139
\cftpartnumwidth=\skip140
\cftbeforechapterskip=\skip141
\cftchapterindent=\skip142
\cftchapternumwidth=\skip143
\cftbeforesectionskip=\skip144
\cftsectionindent=\skip145
\cftsectionnumwidth=\skip146
\cftbeforesubsectionskip=\skip147
\cftsubsectionindent=\skip148
\cftsubsectionnumwidth=\skip149
\cftbeforesubsubsectionskip=\skip150
\cftsubsubsectionindent=\skip151
\cftsubsubsectionnumwidth=\skip152
\cftbeforeparagraphskip=\skip153
\cftparagraphindent=\skip154
\cftparagraphnumwidth=\skip155
\cftbeforesubparagraphskip=\skip156
\cftsubparagraphindent=\skip157
\cftsubparagraphnumwidth=\skip158
\prechapterprecisshift=\dimen186
\c@maxsecnumdepth=\count311
\bibindent=\dimen187
\bibitemsep=\skip159
\indexcolsep=\skip160
\indexrule=\skip161
\indexmarkstyle=\toks22
\@indexbox=\insert252
LaTeX Info: Redefining \raggedbottom on input line 8095.
LaTeX Info: Redefining \flushbottom on input line 8099.
\glossarycolsep=\dimen188
\glossaryrule=\dimen189
\sideparvshift=\skip162
\sideins=\insert251
\sidebartopsep=\skip163
\sidebarhsep=\skip164
\sidebarvsep=\skip165
\sidebarwidth=\skip166
\footmarkwidth=\skip167
\footmarksep=\skip168
\footparindent=\skip169
\footinsdim=\skip170
\footinsv@r=\insert250
\@mpfootinsv@r=\insert249
\m@m@k=\count312
\m@m@h=\dimen190
\m@mipn@skip=\skip171
\sidefootins=\insert248
\sidefootadjust=\skip172
\sidefootheight=\skip173
\sidefoothsep=\skip174
\sidefootvsep=\skip175
\sidefootwidth=\skip176
\m@mdownsf=\skip177
\c@sidefootnote=\count313
\sidefootmarkwidth=\skip178
\sidefootmarksep=\skip179
\sidefootparindent=\skip180
\c@pagenote=\count314
\c@pagenoteshadow=\count315
\mem@pn@lastkern=\skip181

(d:/texlive/2026/texmf-dist/tex/latex/tools/verbatim.sty
Package: verbatim 2024-01-22 v1.5x LaTeX2e package for verbatim enhancements
\every@verbatim=\toks23
\verbatim@line=\toks24
\verbatim@in@stream=\read2
)
\verbatimindent=\skip182
\verbatim@out=\write3

(d:/texlive/2026/texmf-dist/tex/latex/base/shortvrb.sty
Package: shortvrb 2024/12/25 v3.0q Standard LaTeX documentation package V3 (FMi
)
)
\bvboxsep=\skip183
\c@memfbvline=\count316
\c@bvlinectr=\count317
\bvnumlength=\skip184
\fb@frw=\dimen191
\fb@frh=\dimen192
\FrameRule=\dimen193
\FrameSep=\dimen194
\c@cp@cntr=\count318
\c@ism@mctr=\count319
\c@xsm@mctr=\count320
\c@csm@mctr=\count321
\c@ksm@mctr=\count322
\c@xksm@mctr=\count323
\c@cksm@mctr=\count324
\c@msm@mctr=\count325
\c@xmsm@mctr=\count326
\c@cmsm@mctr=\count327
\c@bsm@mctr=\count328
\c@workm@mctr=\count329
\c@sheetsequence=\count330
\c@lastsheet=\count331
\c@lastpage=\count332
\c@figure=\count333
\c@lofdepth=\count334
\cftbeforefigureskip=\skip185
\cftfigureindent=\skip186
\cftfigurenumwidth=\skip187
\c@table=\count335
\c@lotdepth=\count336
\cftbeforetableskip=\skip188
\cfttableindent=\skip189
\cfttablenumwidth=\skip190
Package abstract [2008/07/23] emulated by memoir.
Package appendix [2008/07/23] emulated by memoir.
Package ccaption [2008/07/23] emulated by memoir.
Package changepage [2008/07/23] emulated by memoir.
Package chngcntr [2008/07/23] emulated by memoir.
Package chngpage [2008/07/23] emulated by memoir.
Package crop emulated by memoir.
Package enumerate [2008/07/23] emulated by memoir.
Package epigraph [2008/07/23] emulated by memoir.
Package ifmtarg [2008/07/23] emulated by memoir.
Package index [2008/07/23] emulated by memoir.
Package makeidx [2008/07/23] emulated by memoir.
Package moreverb [2008/07/23] emulated by memoir.
Package needspace [2008/07/23] emulated by memoir.
Package newfile [2008/07/23] emulated by memoir.
Package nextpage [2008/07/23] emulated by memoir.
Package pagenote [2008/07/23] emulated by memoir.
Package parskip [2008/07/23] emulated by memoir.
Package patchcmd [2008/07/23] emulated by memoir.
Package setspace [2008/07/23] emulated by memoir.
Package showidx [2008/07/23] emulated by memoir.
Package titleref [2008/07/23] emulated by memoir.
Package titling [2008/07/23] emulated by memoir.
Package tocbibind [2008/07/23] emulated by memoir.
Package tocloft [2008/07/23] emulated by memoir.
Package tocvsec2 [2008/07/23] emulated by memoir.
Package verse [2008/07/23] emulated by memoir.
)
(./template_settings/common/setup.tex
\c@draft=\count337
\c@bibliosel=\count338
) (./template_settings/common/packages.tex (d:/texlive/2026/texmf-dist/tex/late
x/pdflscape/pdflscape.sty
Package: pdflscape 2025-06-23 v0.14 Display of landscape pages in PDF

(d:/texlive/2026/texmf-dist/tex/latex/pdflscape/pdflscape-nometadata.sty
Package: pdflscape-nometadata 2025-06-23 v0.14 Display of landscape pages in PD
F (HO)

(d:/texlive/2026/texmf-dist/tex/latex/graphics/lscape.sty
Package: lscape 2020/05/28 v3.02 Landscape Pages (DPC)

(d:/texlive/2026/texmf-dist/tex/latex/graphics/graphics.sty
Package: graphics 2024/08/06 v1.4g Standard LaTeX Graphics (DPC,SPQR)

(d:/texlive/2026/texmf-dist/tex/latex/graphics/trig.sty
Package: trig 2023/12/02 v1.11 sin cos tan (DPC)
)
(d:/texlive/2026/texmf-dist/tex/latex/graphics-cfg/graphics.cfg
File: graphics.cfg 2016/06/04 v1.11 sample graphics configuration
)
Package graphics Info: Driver file: pdftex.def on input line 106.

(d:/texlive/2026/texmf-dist/tex/latex/graphics-def/pdftex.def
File: pdftex.def 2025/09/29 v1.2d Graphics/color driver for pdftex
)))
Package pdflscape Info: Auto-detected driver: pdftex on input line 81.
))
(d:/texlive/2026/texmf-dist/tex/latex/geometry/geometry.sty
Package: geometry 2026/03/07 v6.0 Page Geometry

(d:/texlive/2026/texmf-dist/tex/generic/iftex/ifvtex.sty
Package: ifvtex 2019/10/25 v1.7 ifvtex legacy package. Use iftex instead.
)
\Gm@cnth=\count339
\Gm@cntv=\count340
\c@Gm@tempcnt=\count341
\Gm@bindingoffset=\dimen195
\Gm@wd@mp=\dimen196
\Gm@odd@mp=\dimen197
\Gm@even@mp=\dimen198
\Gm@layoutwidth=\dimen199
\Gm@layoutheight=\dimen256
\Gm@layouthoffset=\dimen257
\Gm@layoutvoffset=\dimen258
\Gm@dimlist=\toks25
)
(d:/texlive/2026/texmf-dist/tex/latex/amsfonts/amsfonts.sty
Package: amsfonts 2013/01/14 v3.01 Basic AMSFonts support
\@emptytoks=\toks26
\symAMSa=\mathgroup4
\symAMSb=\mathgroup5
LaTeX Font Info:    Redeclaring math symbol \hbar on input line 98.
LaTeX Font Info:    Overwriting math alphabet `\mathfrak' in version `bold'
(Font)                  U/euf/m/n --> U/euf/b/n on input line 106.
)
(d:/texlive/2026/texmf-dist/tex/latex/amsmath/amsmath.sty
Package: amsmath 2025/07/09 v2.17z AMS math features
\@mathmargin=\skip191

For additional information on amsmath, use the `?' option.
(d:/texlive/2026/texmf-dist/tex/latex/amsmath/amstext.sty
Package: amstext 2024/11/17 v2.01 AMS text

(d:/texlive/2026/texmf-dist/tex/latex/amsmath/amsgen.sty
File: amsgen.sty 1999/11/30 v2.0 generic functions
\@emptytoks=\toks27
\ex@=\dimen259
))
(d:/texlive/2026/texmf-dist/tex/latex/amsmath/amsbsy.sty
Package: amsbsy 1999/11/29 v1.2d Bold Symbols
\pmbraise@=\dimen260
)
(d:/texlive/2026/texmf-dist/tex/latex/amsmath/amsopn.sty
Package: amsopn 2022/04/08 v2.04 operator names
)
\inf@bad=\count342
LaTeX Info: Redefining \frac on input line 233.
\uproot@=\count343
\leftroot@=\count344
LaTeX Info: Redefining \overline on input line 398.
LaTeX Info: Redefining \colon on input line 409.
\classnum@=\count345
\DOTSCASE@=\count346
LaTeX Info: Redefining \ldots on input line 495.
LaTeX Info: Redefining \dots on input line 498.
LaTeX Info: Redefining \cdots on input line 619.
\Mathstrutbox@=\box58
\strutbox@=\box59
LaTeX Info: Redefining \big on input line 721.
LaTeX Info: Redefining \Big on input line 722.
LaTeX Info: Redefining \bigg on input line 723.
LaTeX Info: Redefining \Bigg on input line 724.
\big@size=\dimen261
LaTeX Font Info:    Redeclaring font encoding OML on input line 742.
LaTeX Font Info:    Redeclaring font encoding OMS on input line 743.
\macc@depth=\count347
LaTeX Info: Redefining \bmod on input line 904.
LaTeX Info: Redefining \pmod on input line 909.
LaTeX Info: Redefining \smash on input line 939.
LaTeX Info: Redefining \relbar on input line 969.
LaTeX Info: Redefining \Relbar on input line 970.
\c@MaxMatrixCols=\count348
\dotsspace@=\muskip17
\c@parentequation=\count349
\dspbrk@lvl=\count350
\tag@help=\toks28
\row@=\count351
\column@=\count352
\maxfields@=\count353
\andhelp@=\toks29
\eqnshift@=\dimen262
\alignsep@=\dimen263
\tagshift@=\dimen264
\tagwidth@=\dimen265
\totwidth@=\dimen266
\lineht@=\dimen267
\@envbody=\toks30
\multlinegap=\skip192
\multlinetaggap=\skip193
\mathdisplay@stack=\toks31
LaTeX Info: Redefining \[ on input line 2950.
LaTeX Info: Redefining \] on input line 2951.
)
(d:/texlive/2026/texmf-dist/tex/latex/amsfonts/amssymb.sty
Package: amssymb 2013/01/14 v3.01 AMS font symbols
)
(d:/texlive/2026/texmf-dist/tex/latex/amsmath/amscd.sty
Package: amscd 2017/04/14 v2.1 AMS Commutative Diagrams
\athelp@=\toks32
\minaw@=\dimen268
\bigaw@=\dimen269
\minCDarrowwidth=\dimen270
)
(d:/texlive/2026/texmf-dist/tex/latex/amscls/amsthm.sty
Package: amsthm 2020/05/29 v2.20.6
\thm@style=\toks33
\thm@bodyfont=\toks34
\thm@headfont=\toks35
\thm@notefont=\toks36
\thm@headpunct=\toks37
\thm@preskip=\skip194
\thm@postskip=\skip195
\thm@headsep=\skip196
\dth@everypar=\toks38
)
(d:/texlive/2026/texmf-dist/tex/latex/mathtools/mathtools.sty
Package: mathtools 2024/10/04 v1.31 mathematical typesetting tools

(d:/texlive/2026/texmf-dist/tex/latex/tools/calc.sty
Package: calc 2025/03/01 v4.3b Infix arithmetic (KKT,FJ)
\calc@Acount=\count354
\calc@Bcount=\count355
\calc@Adimen=\dimen271
\calc@Bdimen=\dimen272
\calc@Askip=\skip197
\calc@Bskip=\skip198
LaTeX Info: Redefining \setlength on input line 86.
LaTeX Info: Redefining \addtolength on input line 87.
\calc@Ccount=\count356
\calc@Cskip=\skip199
)
(d:/texlive/2026/texmf-dist/tex/latex/mathtools/mhsetup.sty
Package: mhsetup 2021/03/18 v1.4 programming setup (MH)
)
\g_MT_multlinerow_int=\count357
\l_MT_multwidth_dim=\dimen273
\origjot=\skip256
\l_MT_shortvdotswithinadjustabove_dim=\dimen274
\l_MT_shortvdotswithinadjustbelow_dim=\dimen275
\l_MT_above_intertext_sep=\dimen276
\l_MT_below_intertext_sep=\dimen277
\l_MT_above_shortintertext_sep=\dimen278
\l_MT_below_shortintertext_sep=\dimen279
\xmathstrut@box=\box60
\xmathstrut@dim=\dimen280
)
\curtextsize=\skip257
\bigtextsize=\skip258

(d:/texlive/2026/texmf-dist/tex/latex/cmap/cmap.sty
Package: cmap 2021/02/06 v1.0j CMap support: searchable PDF


Package cmap Warning: fontenc already loaded - some fonts may be unprocessed.

) (d:/texlive/2026/texmf-dist/tex/latex/base/fontenc.sty
Package: fontenc 2025/07/18 v2.1d Standard LaTeX package

(d:/texlive/2026/texmf-dist/tex/latex/cyrillic/t2aenc.def
File: t2aenc.def 2023/11/07 v1.0k Cyrillic encoding definition file
Now handling font encoding T2A ...
... processing UTF-8 mapping file for font encoding T2A

(d:/texlive/2026/texmf-dist/tex/latex/base/t2aenc.dfu
File: t2aenc.dfu 2022/06/07 v1.3c UTF-8 support
   defining Unicode char U+00A4 (decimal 164)
   defining Unicode char U+00A7 (decimal 167)
   defining Unicode char U+00AB (decimal 171)
   defining Unicode char U+00BB (decimal 187)
   defining Unicode char U+0131 (decimal 305)
   defining Unicode char U+0237 (decimal 567)
   defining Unicode char U+0400 (decimal 1024)
   defining Unicode char U+0401 (decimal 1025)
   defining Unicode char U+0402 (decimal 1026)
   defining Unicode char U+0403 (decimal 1027)
   defining Unicode char U+0404 (decimal 1028)
   defining Unicode char U+0405 (decimal 1029)
   defining Unicode char U+0406 (decimal 1030)
   defining Unicode char U+0407 (decimal 1031)
   defining Unicode char U+0408 (decimal 1032)
   defining Unicode char U+0409 (decimal 1033)
   defining Unicode char U+040A (decimal 1034)
   defining Unicode char U+040B (decimal 1035)
   defining Unicode char U+040C (decimal 1036)
   defining Unicode char U+040D (decimal 1037)
   defining Unicode char U+040E (decimal 1038)
   defining Unicode char U+040F (decimal 1039)
   defining Unicode char U+0410 (decimal 1040)
   defining Unicode char U+0411 (decimal 1041)
   defining Unicode char U+0412 (decimal 1042)
   defining Unicode char U+0413 (decimal 1043)
   defining Unicode char U+0414 (decimal 1044)
   defining Unicode char U+0415 (decimal 1045)
   defining Unicode char U+0416 (decimal 1046)
   defining Unicode char U+0417 (decimal 1047)
   defining Unicode char U+0418 (decimal 1048)
   defining Unicode char U+0419 (decimal 1049)
   defining Unicode char U+041A (decimal 1050)
   defining Unicode char U+041B (decimal 1051)
   defining Unicode char U+041C (decimal 1052)
   defining Unicode char U+041D (decimal 1053)
   defining Unicode char U+041E (decimal 1054)
   defining Unicode char U+041F (decimal 1055)
   defining Unicode char U+0420 (decimal 1056)
   defining Unicode char U+0421 (decimal 1057)
   defining Unicode char U+0422 (decimal 1058)
   defining Unicode char U+0423 (decimal 1059)
   defining Unicode char U+0424 (decimal 1060)
   defining Unicode char U+0425 (decimal 1061)
   defining Unicode char U+0426 (decimal 1062)
   defining Unicode char U+0427 (decimal 1063)
   defining Unicode char U+0428 (decimal 1064)
   defining Unicode char U+0429 (decimal 1065)
   defining Unicode char U+042A (decimal 1066)
   defining Unicode char U+042B (decimal 1067)
   defining Unicode char U+042C (decimal 1068)
   defining Unicode char U+042D (decimal 1069)
   defining Unicode char U+042E (decimal 1070)
   defining Unicode char U+042F (decimal 1071)
   defining Unicode char U+0430 (decimal 1072)
   defining Unicode char U+0431 (decimal 1073)
   defining Unicode char U+0432 (decimal 1074)
   defining Unicode char U+0433 (decimal 1075)
   defining Unicode char U+0434 (decimal 1076)
   defining Unicode char U+0435 (decimal 1077)
   defining Unicode char U+0436 (decimal 1078)
   defining Unicode char U+0437 (decimal 1079)
   defining Unicode char U+0438 (decimal 1080)
   defining Unicode char U+0439 (decimal 1081)
   defining Unicode char U+043A (decimal 1082)
   defining Unicode char U+043B (decimal 1083)
   defining Unicode char U+043C (decimal 1084)
   defining Unicode char U+043D (decimal 1085)
   defining Unicode char U+043E (decimal 1086)
   defining Unicode char U+043F (decimal 1087)
   defining Unicode char U+0440 (decimal 1088)
   defining Unicode char U+0441 (decimal 1089)
   defining Unicode char U+0442 (decimal 1090)
   defining Unicode char U+0443 (decimal 1091)
   defining Unicode char U+0444 (decimal 1092)
   defining Unicode char U+0445 (decimal 1093)
   defining Unicode char U+0446 (decimal 1094)
   defining Unicode char U+0447 (decimal 1095)
   defining Unicode char U+0448 (decimal 1096)
   defining Unicode char U+0449 (decimal 1097)
   defining Unicode char U+044A (decimal 1098)
   defining Unicode char U+044B (decimal 1099)
   defining Unicode char U+044C (decimal 1100)
   defining Unicode char U+044D (decimal 1101)
   defining Unicode char U+044E (decimal 1102)
   defining Unicode char U+044F (decimal 1103)
   defining Unicode char U+0450 (decimal 1104)
   defining Unicode char U+0451 (decimal 1105)
   defining Unicode char U+0452 (decimal 1106)
   defining Unicode char U+0453 (decimal 1107)
   defining Unicode char U+0454 (decimal 1108)
   defining Unicode char U+0455 (decimal 1109)
   defining Unicode char U+0456 (decimal 1110)
   defining Unicode char U+0457 (decimal 1111)
   defining Unicode char U+0458 (decimal 1112)
   defining Unicode char U+0459 (decimal 1113)
   defining Unicode char U+045A (decimal 1114)
   defining Unicode char U+045B (decimal 1115)
   defining Unicode char U+045C (decimal 1116)
   defining Unicode char U+045D (decimal 1117)
   defining Unicode char U+045E (decimal 1118)
   defining Unicode char U+045F (decimal 1119)
   defining Unicode char U+0490 (decimal 1168)
   defining Unicode char U+0491 (decimal 1169)
   defining Unicode char U+0492 (decimal 1170)
   defining Unicode char U+0493 (decimal 1171)
   defining Unicode char U+0496 (decimal 1174)
   defining Unicode char U+0497 (decimal 1175)
   defining Unicode char U+0498 (decimal 1176)
   defining Unicode char U+0499 (decimal 1177)
   defining Unicode char U+049A (decimal 1178)
   defining Unicode char U+049B (decimal 1179)
   defining Unicode char U+049C (decimal 1180)
   defining Unicode char U+049D (decimal 1181)
   defining Unicode char U+04A0 (decimal 1184)
   defining Unicode char U+04A1 (decimal 1185)
   defining Unicode char U+04A2 (decimal 1186)
   defining Unicode char U+04A3 (decimal 1187)
   defining Unicode char U+04A4 (decimal 1188)
   defining Unicode char U+04A5 (decimal 1189)
   defining Unicode char U+04AA (decimal 1194)
   defining Unicode char U+04AB (decimal 1195)
   defining Unicode char U+04AE (decimal 1198)
   defining Unicode char U+04AF (decimal 1199)
   defining Unicode char U+04B0 (decimal 1200)
   defining Unicode char U+04B1 (decimal 1201)
   defining Unicode char U+04B2 (decimal 1202)
   defining Unicode char U+04B3 (decimal 1203)
   defining Unicode char U+04B6 (decimal 1206)
   defining Unicode char U+04B7 (decimal 1207)
   defining Unicode char U+04B8 (decimal 1208)
   defining Unicode char U+04B9 (decimal 1209)
   defining Unicode char U+04BA (decimal 1210)
   defining Unicode char U+04BB (decimal 1211)
   defining Unicode char U+04C0 (decimal 1216)
   defining Unicode char U+04C1 (decimal 1217)
   defining Unicode char U+04C2 (decimal 1218)
   defining Unicode char U+04D0 (decimal 1232)
   defining Unicode char U+04D1 (decimal 1233)
   defining Unicode char U+04D2 (decimal 1234)
   defining Unicode char U+04D3 (decimal 1235)
   defining Unicode char U+04D4 (decimal 1236)
   defining Unicode char U+04D5 (decimal 1237)
   defining Unicode char U+04D6 (decimal 1238)
   defining Unicode char U+04D7 (decimal 1239)
   defining Unicode char U+04D8 (decimal 1240)
   defining Unicode char U+04D9 (decimal 1241)
   defining Unicode char U+04DA (decimal 1242)
   defining Unicode char U+04DB (decimal 1243)
   defining Unicode char U+04DC (decimal 1244)
   defining Unicode char U+04DD (decimal 1245)
   defining Unicode char U+04DE (decimal 1246)
   defining Unicode char U+04DF (decimal 1247)
   defining Unicode char U+04E2 (decimal 1250)
   defining Unicode char U+04E3 (decimal 1251)
   defining Unicode char U+04E4 (decimal 1252)
   defining Unicode char U+04E5 (decimal 1253)
   defining Unicode char U+04E6 (decimal 1254)
   defining Unicode char U+04E7 (decimal 1255)
   defining Unicode char U+04E8 (decimal 1256)
   defining Unicode char U+04E9 (decimal 1257)
   defining Unicode char U+04EC (decimal 1260)
   defining Unicode char U+04ED (decimal 1261)
   defining Unicode char U+04EE (decimal 1262)
   defining Unicode char U+04EF (decimal 1263)
   defining Unicode char U+04F0 (decimal 1264)
   defining Unicode char U+04F1 (decimal 1265)
   defining Unicode char U+04F2 (decimal 1266)
   defining Unicode char U+04F3 (decimal 1267)
   defining Unicode char U+04F4 (decimal 1268)
   defining Unicode char U+04F5 (decimal 1269)
   defining Unicode char U+04F8 (decimal 1272)
   defining Unicode char U+04F9 (decimal 1273)
   defining Unicode char U+200C (decimal 8204)
   defining Unicode char U+2013 (decimal 8211)
   defining Unicode char U+2014 (decimal 8212)
   defining Unicode char U+2018 (decimal 8216)
   defining Unicode char U+2019 (decimal 8217)
   defining Unicode char U+201C (decimal 8220)
   defining Unicode char U+201D (decimal 8221)
   defining Unicode char U+201E (decimal 8222)
   defining Unicode char U+2030 (decimal 8240)
   defining Unicode char U+2031 (decimal 8241)
   defining Unicode char U+2116 (decimal 8470)
   defining Unicode char U+2329 (decimal 9001)
   defining Unicode char U+3008 (decimal 12296)
   defining Unicode char U+232A (decimal 9002)
   defining Unicode char U+3009 (decimal 12297)
   defining Unicode char U+2423 (decimal 9251)
   defining Unicode char U+27E8 (decimal 10216)
   defining Unicode char U+27E9 (decimal 10217)
   defining Unicode char U+FB00 (decimal 64256)
   defining Unicode char U+FB01 (decimal 64257)
   defining Unicode char U+FB02 (decimal 64258)
   defining Unicode char U+FB03 (decimal 64259)
   defining Unicode char U+FB04 (decimal 64260)
   defining Unicode char U+FB05 (decimal 64261)
   defining Unicode char U+FB06 (decimal 64262)
)))
(d:/texlive/2026/texmf-dist/tex/latex/base/inputenc.sty
Package: inputenc 2024/02/08 v1.3d Input encoding file
\inpenc@prehook=\toks39
\inpenc@posthook=\toks40
)
(d:/texlive/2026/texmf-dist/tex/generic/babel/babel.sty
Package: babel 2026/04/15 v26.6 The multilingual framework for LuaLaTeX, pdfLaT
eX and XeLaTeX
\babel@savecnt=\count358
LaTeX Encoding Info:    Redeclaring text command \ij (encoding OT1) on input li
ne 2078.
LaTeX Encoding Info:    Redeclaring text command \IJ (encoding OT1) on input li
ne 2080.
LaTeX Encoding Info:    Redeclaring text command \ij (encoding T1) on input lin
e 2082.
LaTeX Encoding Info:    Redeclaring text command \IJ (encoding T1) on input lin
e 2083.
LaTeX Encoding Info:    Ignoring declaration for text command \ij (encoding ?) 
on input line 2084.
LaTeX Encoding Info:    Ignoring declaration for text command \IJ (encoding ?) 
on input line 2086.
LaTeX Encoding Info:    Ignoring declaration for text command \SS (encoding ?) 
on input line 2111.
\U@D=\dimen281
\l@unhyphenated=\language91

(d:/texlive/2026/texmf-dist/tex/generic/babel/txtbabel.def)
\bbl@readstream=\read3
\bbl@dirlevel=\count359

(d:/texlive/2026/texmf-dist/tex/generic/babel/locale/en/babel-english.tex)
(d:/texlive/2026/texmf-dist/tex/generic/babel/locale/ru/babel-russian.tex)
Package babel Info: Importing font and identification data for english
(babel)             from babel-en.ini. Reported on input line 4330.

(d:/texlive/2026/texmf-dist/tex/generic/babel-english/english.ldf
Language: english 2017/06/06 v3.3r English support from the babel system
Package babel Info: Hyphen rules for 'canadian' set to \l@english
(babel)             (\language0). Reported on input line 102.
Package babel Info: Hyphen rules for 'australian' set to \l@ukenglish
(babel)             (\language22). Reported on input line 105.
Package babel Info: Hyphen rules for 'newzealand' set to \l@ukenglish
(babel)             (\language22). Reported on input line 108.
)
Package babel Info: Importing font and identification data for russian
(babel)             from babel-ru.ini. Reported on input line 4330.

(d:/texlive/2026/texmf-dist/tex/generic/babel-russian/russianb.ldf
File: russianb.ldf 2021/01/10 1.3m Russian support for the Babel system
Language: russian 2020/09/09 1.3k Russian support for the Babel system
Package babel Info: Making " an active character on input line 124.
Package babel Info: Default for \cyrdash is provided on input line 163.
))
(d:/texlive/2026/texmf-dist/tex/latex/tempora/tempora.sty
Package: tempora 2016/02/02 (msharpe) Style file for Tempora.

(d:/texlive/2026/texmf-dist/tex/latex/base/fontenc.sty
Package: fontenc 2025/07/18 v2.1d Standard LaTeX package

(d:/texlive/2026/texmf-dist/tex/latex/cyrillic/ot2enc.def
File: ot2enc.def 2022/06/11 v3.3b Cyrillic encoding definition file
Now handling font encoding OT2 ...
... processing UTF-8 mapping file for font encoding OT2

(d:/texlive/2026/texmf-dist/tex/latex/base/ot2enc.dfu
File: ot2enc.dfu 2022/06/07 v1.3c UTF-8 support
   defining Unicode char U+00AB (decimal 171)
   defining Unicode char U+00BB (decimal 187)
   defining Unicode char U+0131 (decimal 305)
   defining Unicode char U+0237 (decimal 567)
   defining Unicode char U+0400 (decimal 1024)
   defining Unicode char U+0401 (decimal 1025)
   defining Unicode char U+0402 (decimal 1026)
   defining Unicode char U+0403 (decimal 1027)
   defining Unicode char U+0404 (decimal 1028)
   defining Unicode char U+0405 (decimal 1029)
   defining Unicode char U+0406 (decimal 1030)
   defining Unicode char U+0408 (decimal 1032)
   defining Unicode char U+0409 (decimal 1033)
   defining Unicode char U+040A (decimal 1034)
   defining Unicode char U+040B (decimal 1035)
   defining Unicode char U+040C (decimal 1036)
   defining Unicode char U+040D (decimal 1037)
   defining Unicode char U+040F (decimal 1039)
   defining Unicode char U+0410 (decimal 1040)
   defining Unicode char U+0411 (decimal 1041)
   defining Unicode char U+0412 (decimal 1042)
   defining Unicode char U+0413 (decimal 1043)
   defining Unicode char U+0414 (decimal 1044)
   defining Unicode char U+0415 (decimal 1045)
   defining Unicode char U+0416 (decimal 1046)
   defining Unicode char U+0417 (decimal 1047)
   defining Unicode char U+0418 (decimal 1048)
   defining Unicode char U+0419 (decimal 1049)
   defining Unicode char U+041A (decimal 1050)
   defining Unicode char U+041B (decimal 1051)
   defining Unicode char U+041C (decimal 1052)
   defining Unicode char U+041D (decimal 1053)
   defining Unicode char U+041E (decimal 1054)
   defining Unicode char U+041F (decimal 1055)
   defining Unicode char U+0420 (decimal 1056)
   defining Unicode char U+0421 (decimal 1057)
   defining Unicode char U+0422 (decimal 1058)
   defining Unicode char U+0423 (decimal 1059)
   defining Unicode char U+0424 (decimal 1060)
   defining Unicode char U+0425 (decimal 1061)
   defining Unicode char U+0426 (decimal 1062)
   defining Unicode char U+0427 (decimal 1063)
   defining Unicode char U+0428 (decimal 1064)
   defining Unicode char U+0429 (decimal 1065)
   defining Unicode char U+042A (decimal 1066)
   defining Unicode char U+042B (decimal 1067)
   defining Unicode char U+042C (decimal 1068)
   defining Unicode char U+042D (decimal 1069)
   defining Unicode char U+042E (decimal 1070)
   defining Unicode char U+042F (decimal 1071)
   defining Unicode char U+0430 (decimal 1072)
   defining Unicode char U+0431 (decimal 1073)
   defining Unicode char U+0432 (decimal 1074)
   defining Unicode char U+0433 (decimal 1075)
   defining Unicode char U+0434 (decimal 1076)
   defining Unicode char U+0435 (decimal 1077)
   defining Unicode char U+0436 (decimal 1078)
   defining Unicode char U+0437 (decimal 1079)
   defining Unicode char U+0438 (decimal 1080)
   defining Unicode char U+0439 (decimal 1081)
   defining Unicode char U+043A (decimal 1082)
   defining Unicode char U+043B (decimal 1083)
   defining Unicode char U+043C (decimal 1084)
   defining Unicode char U+043D (decimal 1085)
   defining Unicode char U+043E (decimal 1086)
   defining Unicode char U+043F (decimal 1087)
   defining Unicode char U+0440 (decimal 1088)
   defining Unicode char U+0441 (decimal 1089)
   defining Unicode char U+0442 (decimal 1090)
   defining Unicode char U+0443 (decimal 1091)
   defining Unicode char U+0444 (decimal 1092)
   defining Unicode char U+0445 (decimal 1093)
   defining Unicode char U+0446 (decimal 1094)
   defining Unicode char U+0447 (decimal 1095)
   defining Unicode char U+0448 (decimal 1096)
   defining Unicode char U+0449 (decimal 1097)
   defining Unicode char U+044A (decimal 1098)
   defining Unicode char U+044B (decimal 1099)
   defining Unicode char U+044C (decimal 1100)
   defining Unicode char U+044D (decimal 1101)
   defining Unicode char U+044E (decimal 1102)
   defining Unicode char U+044F (decimal 1103)
   defining Unicode char U+0450 (decimal 1104)
   defining Unicode char U+0451 (decimal 1105)
   defining Unicode char U+0452 (decimal 1106)
   defining Unicode char U+0453 (decimal 1107)
   defining Unicode char U+0454 (decimal 1108)
   defining Unicode char U+0455 (decimal 1109)
   defining Unicode char U+0456 (decimal 1110)
   defining Unicode char U+0458 (decimal 1112)
   defining Unicode char U+0459 (decimal 1113)
   defining Unicode char U+045A (decimal 1114)
   defining Unicode char U+045B (decimal 1115)
   defining Unicode char U+045C (decimal 1116)
   defining Unicode char U+045D (decimal 1117)
   defining Unicode char U+045F (decimal 1119)
   defining Unicode char U+0462 (decimal 1122)
   defining Unicode char U+0463 (decimal 1123)
   defining Unicode char U+0472 (decimal 1138)
   defining Unicode char U+0473 (decimal 1139)
   defining Unicode char U+0474 (decimal 1140)
   defining Unicode char U+0475 (decimal 1141)
   defining Unicode char U+04C1 (decimal 1217)
   defining Unicode char U+04C2 (decimal 1218)
   defining Unicode char U+04D0 (decimal 1232)
   defining Unicode char U+04D1 (decimal 1233)
   defining Unicode char U+04D2 (decimal 1234)
   defining Unicode char U+04D3 (decimal 1235)
   defining Unicode char U+04D6 (decimal 1238)
   defining Unicode char U+04D7 (decimal 1239)
   defining Unicode char U+04DC (decimal 1244)
   defining Unicode char U+04DD (decimal 1245)
   defining Unicode char U+04DE (decimal 1246)
   defining Unicode char U+04DF (decimal 1247)
   defining Unicode char U+04E2 (decimal 1250)
   defining Unicode char U+04E3 (decimal 1251)
   defining Unicode char U+04E4 (decimal 1252)
   defining Unicode char U+04E5 (decimal 1253)
   defining Unicode char U+04E6 (decimal 1254)
   defining Unicode char U+04E7 (decimal 1255)
   defining Unicode char U+04EC (decimal 1260)
   defining Unicode char U+04ED (decimal 1261)
   defining Unicode char U+04EE (decimal 1262)
   defining Unicode char U+04EF (decimal 1263)
   defining Unicode char U+04F0 (decimal 1264)
   defining Unicode char U+04F1 (decimal 1265)
   defining Unicode char U+04F2 (decimal 1266)
   defining Unicode char U+04F3 (decimal 1267)
   defining Unicode char U+04F4 (decimal 1268)
   defining Unicode char U+04F5 (decimal 1269)
   defining Unicode char U+04F8 (decimal 1272)
   defining Unicode char U+04F9 (decimal 1273)
   defining Unicode char U+2013 (decimal 8211)
   defining Unicode char U+2014 (decimal 8212)
   defining Unicode char U+2018 (decimal 8216)
   defining Unicode char U+2019 (decimal 8217)
   defining Unicode char U+201C (decimal 8220)
   defining Unicode char U+201D (decimal 8221)
   defining Unicode char U+2116 (decimal 8470)
))
(d:/texlive/2026/texmf-dist/tex/latex/cyrillic/t2cenc.def
File: t2cenc.def 2023/11/07 v1.0k Cyrillic encoding definition file
Now handling font encoding T2C ...
... processing UTF-8 mapping file for font encoding T2C

(d:/texlive/2026/texmf-dist/tex/latex/base/t2cenc.dfu
File: t2cenc.dfu 2022/06/07 v1.3c UTF-8 support
   defining Unicode char U+00A4 (decimal 164)
   defining Unicode char U+00A7 (decimal 167)
   defining Unicode char U+00AB (decimal 171)
   defining Unicode char U+00BB (decimal 187)
   defining Unicode char U+0131 (decimal 305)
   defining Unicode char U+0237 (decimal 567)
   defining Unicode char U+0400 (decimal 1024)
   defining Unicode char U+0401 (decimal 1025)
   defining Unicode char U+0403 (decimal 1027)
   defining Unicode char U+0405 (decimal 1029)
   defining Unicode char U+0406 (decimal 1030)
   defining Unicode char U+0408 (decimal 1032)
   defining Unicode char U+040C (decimal 1036)
   defining Unicode char U+040D (decimal 1037)
   defining Unicode char U+040F (decimal 1039)
   defining Unicode char U+0410 (decimal 1040)
   defining Unicode char U+0411 (decimal 1041)
   defining Unicode char U+0412 (decimal 1042)
   defining Unicode char U+0413 (decimal 1043)
   defining Unicode char U+0414 (decimal 1044)
   defining Unicode char U+0415 (decimal 1045)
   defining Unicode char U+0416 (decimal 1046)
   defining Unicode char U+0417 (decimal 1047)
   defining Unicode char U+0418 (decimal 1048)
   defining Unicode char U+0419 (decimal 1049)
   defining Unicode char U+041A (decimal 1050)
   defining Unicode char U+041B (decimal 1051)
   defining Unicode char U+041C (decimal 1052)
   defining Unicode char U+041D (decimal 1053)
   defining Unicode char U+041E (decimal 1054)
   defining Unicode char U+041F (decimal 1055)
   defining Unicode char U+0420 (decimal 1056)
   defining Unicode char U+0421 (decimal 1057)
   defining Unicode char U+0422 (decimal 1058)
   defining Unicode char U+0423 (decimal 1059)
   defining Unicode char U+0424 (decimal 1060)
   defining Unicode char U+0425 (decimal 1061)
   defining Unicode char U+0426 (decimal 1062)
   defining Unicode char U+0427 (decimal 1063)
   defining Unicode char U+0428 (decimal 1064)
   defining Unicode char U+0429 (decimal 1065)
   defining Unicode char U+042A (decimal 1066)
   defining Unicode char U+042B (decimal 1067)
   defining Unicode char U+042C (decimal 1068)
   defining Unicode char U+042D (decimal 1069)
   defining Unicode char U+042E (decimal 1070)
   defining Unicode char U+042F (decimal 1071)
   defining Unicode char U+0430 (decimal 1072)
   defining Unicode char U+0431 (decimal 1073)
   defining Unicode char U+0432 (decimal 1074)
   defining Unicode char U+0433 (decimal 1075)
   defining Unicode char U+0434 (decimal 1076)
   defining Unicode char U+0435 (decimal 1077)
   defining Unicode char U+0436 (decimal 1078)
   defining Unicode char U+0437 (decimal 1079)
   defining Unicode char U+0438 (decimal 1080)
   defining Unicode char U+0439 (decimal 1081)
   defining Unicode char U+043A (decimal 1082)
   defining Unicode char U+043B (decimal 1083)
   defining Unicode char U+043C (decimal 1084)
   defining Unicode char U+043D (decimal 1085)
   defining Unicode char U+043E (decimal 1086)
   defining Unicode char U+043F (decimal 1087)
   defining Unicode char U+0440 (decimal 1088)
   defining Unicode char U+0441 (decimal 1089)
   defining Unicode char U+0442 (decimal 1090)
   defining Unicode char U+0443 (decimal 1091)
   defining Unicode char U+0444 (decimal 1092)
   defining Unicode char U+0445 (decimal 1093)
   defining Unicode char U+0446 (decimal 1094)
   defining Unicode char U+0447 (decimal 1095)
   defining Unicode char U+0448 (decimal 1096)
   defining Unicode char U+0449 (decimal 1097)
   defining Unicode char U+044A (decimal 1098)
   defining Unicode char U+044B (decimal 1099)
   defining Unicode char U+044C (decimal 1100)
   defining Unicode char U+044D (decimal 1101)
   defining Unicode char U+044E (decimal 1102)
   defining Unicode char U+044F (decimal 1103)
   defining Unicode char U+0450 (decimal 1104)
   defining Unicode char U+0451 (decimal 1105)
   defining Unicode char U+0453 (decimal 1107)
   defining Unicode char U+0455 (decimal 1109)
   defining Unicode char U+0456 (decimal 1110)
   defining Unicode char U+0458 (decimal 1112)
   defining Unicode char U+045C (decimal 1116)
   defining Unicode char U+045D (decimal 1117)
   defining Unicode char U+045F (decimal 1119)
   defining Unicode char U+048C (decimal 1164)
   defining Unicode char U+048D (decimal 1165)
   defining Unicode char U+048E (decimal 1166)
   defining Unicode char U+048F (decimal 1167)
   defining Unicode char U+0494 (decimal 1172)
   defining Unicode char U+0495 (decimal 1173)
   defining Unicode char U+049A (decimal 1178)
   defining Unicode char U+049B (decimal 1179)
   defining Unicode char U+049E (decimal 1182)
   defining Unicode char U+049F (decimal 1183)
   defining Unicode char U+04A2 (decimal 1186)
   defining Unicode char U+04A3 (decimal 1187)
   defining Unicode char U+04A6 (decimal 1190)
   defining Unicode char U+04A7 (decimal 1191)
   defining Unicode char U+04A8 (decimal 1192)
   defining Unicode char U+04A9 (decimal 1193)
   defining Unicode char U+04AC (decimal 1196)
   defining Unicode char U+04AD (decimal 1197)
   defining Unicode char U+04B2 (decimal 1202)
   defining Unicode char U+04B3 (decimal 1203)
   defining Unicode char U+04B4 (decimal 1204)
   defining Unicode char U+04B5 (decimal 1205)
   defining Unicode char U+04B6 (decimal 1206)
   defining Unicode char U+04B7 (decimal 1207)
   defining Unicode char U+04BA (decimal 1210)
   defining Unicode char U+04BB (decimal 1211)
   defining Unicode char U+04BC (decimal 1212)
   defining Unicode char U+04BD (decimal 1213)
   defining Unicode char U+04BE (decimal 1214)
   defining Unicode char U+04BF (decimal 1215)
   defining Unicode char U+04C0 (decimal 1216)
   defining Unicode char U+04C1 (decimal 1217)
   defining Unicode char U+04C2 (decimal 1218)
   defining Unicode char U+04C5 (decimal 1221)
   defining Unicode char U+04C6 (decimal 1222)
   defining Unicode char U+04C7 (decimal 1223)
   defining Unicode char U+04C8 (decimal 1224)
   defining Unicode char U+04CD (decimal 1229)
   defining Unicode char U+04CE (decimal 1230)
   defining Unicode char U+04D0 (decimal 1232)
   defining Unicode char U+04D1 (decimal 1233)
   defining Unicode char U+04D2 (decimal 1234)
   defining Unicode char U+04D3 (decimal 1235)
   defining Unicode char U+04D6 (decimal 1238)
   defining Unicode char U+04D7 (decimal 1239)
   defining Unicode char U+04D8 (decimal 1240)
   defining Unicode char U+04D9 (decimal 1241)
   defining Unicode char U+04DA (decimal 1242)
   defining Unicode char U+04DB (decimal 1243)
   defining Unicode char U+04DC (decimal 1244)
   defining Unicode char U+04DD (decimal 1245)
   defining Unicode char U+04DE (decimal 1246)
   defining Unicode char U+04DF (decimal 1247)
   defining Unicode char U+04E0 (decimal 1248)
   defining Unicode char U+04E1 (decimal 1249)
   defining Unicode char U+04E2 (decimal 1250)
   defining Unicode char U+04E3 (decimal 1251)
   defining Unicode char U+04E4 (decimal 1252)
   defining Unicode char U+04E5 (decimal 1253)
   defining Unicode char U+04E6 (decimal 1254)
   defining Unicode char U+04E7 (decimal 1255)
   defining Unicode char U+04E8 (decimal 1256)
   defining Unicode char U+04E9 (decimal 1257)
   defining Unicode char U+04EC (decimal 1260)
   defining Unicode char U+04ED (decimal 1261)
   defining Unicode char U+04EE (decimal 1262)
   defining Unicode char U+04EF (decimal 1263)
   defining Unicode char U+04F0 (decimal 1264)
   defining Unicode char U+04F1 (decimal 1265)
   defining Unicode char U+04F2 (decimal 1266)
   defining Unicode char U+04F3 (decimal 1267)
   defining Unicode char U+04F4 (decimal 1268)
   defining Unicode char U+04F5 (decimal 1269)
   defining Unicode char U+04F8 (decimal 1272)
   defining Unicode char U+04F9 (decimal 1273)
   defining Unicode char U+200C (decimal 8204)
   defining Unicode char U+2013 (decimal 8211)
   defining Unicode char U+2014 (decimal 8212)
   defining Unicode char U+2018 (decimal 8216)
   defining Unicode char U+2019 (decimal 8217)
   defining Unicode char U+201C (decimal 8220)
   defining Unicode char U+201D (decimal 8221)
   defining Unicode char U+201E (decimal 8222)
   defining Unicode char U+2030 (decimal 8240)
   defining Unicode char U+2031 (decimal 8241)
   defining Unicode char U+2116 (decimal 8470)
   defining Unicode char U+2329 (decimal 9001)
   defining Unicode char U+3008 (decimal 12296)
   defining Unicode char U+232A (decimal 9002)
   defining Unicode char U+3009 (decimal 12297)
   defining Unicode char U+2423 (decimal 9251)
   defining Unicode char U+27E8 (decimal 10216)
   defining Unicode char U+27E9 (decimal 10217)
   defining Unicode char U+FB00 (decimal 64256)
   defining Unicode char U+FB01 (decimal 64257)
   defining Unicode char U+FB02 (decimal 64258)
   defining Unicode char U+FB03 (decimal 64259)
   defining Unicode char U+FB04 (decimal 64260)
   defining Unicode char U+FB05 (decimal 64261)
   defining Unicode char U+FB06 (decimal 64262)
))
(d:/texlive/2026/texmf-dist/tex/latex/cyrillic/t2benc.def
File: t2benc.def 2023/11/07 v1.0k Cyrillic encoding definition file
Now handling font encoding T2B ...
... processing UTF-8 mapping file for font encoding T2B

(d:/texlive/2026/texmf-dist/tex/latex/base/t2benc.dfu
File: t2benc.dfu 2022/06/07 v1.3c UTF-8 support
   defining Unicode char U+00A4 (decimal 164)
   defining Unicode char U+00A7 (decimal 167)
   defining Unicode char U+00AB (decimal 171)
   defining Unicode char U+00BB (decimal 187)
   defining Unicode char U+0131 (decimal 305)
   defining Unicode char U+0237 (decimal 567)
   defining Unicode char U+0400 (decimal 1024)
   defining Unicode char U+0401 (decimal 1025)
   defining Unicode char U+0403 (decimal 1027)
   defining Unicode char U+0405 (decimal 1029)
   defining Unicode char U+0406 (decimal 1030)
   defining Unicode char U+0408 (decimal 1032)
   defining Unicode char U+0409 (decimal 1033)
   defining Unicode char U+040A (decimal 1034)
   defining Unicode char U+040C (decimal 1036)
   defining Unicode char U+040D (decimal 1037)
   defining Unicode char U+040E (decimal 1038)
   defining Unicode char U+0410 (decimal 1040)
   defining Unicode char U+0411 (decimal 1041)
   defining Unicode char U+0412 (decimal 1042)
   defining Unicode char U+0413 (decimal 1043)
   defining Unicode char U+0414 (decimal 1044)
   defining Unicode char U+0415 (decimal 1045)
   defining Unicode char U+0416 (decimal 1046)
   defining Unicode char U+0417 (decimal 1047)
   defining Unicode char U+0418 (decimal 1048)
   defining Unicode char U+0419 (decimal 1049)
   defining Unicode char U+041A (decimal 1050)
   defining Unicode char U+041B (decimal 1051)
   defining Unicode char U+041C (decimal 1052)
   defining Unicode char U+041D (decimal 1053)
   defining Unicode char U+041E (decimal 1054)
   defining Unicode char U+041F (decimal 1055)
   defining Unicode char U+0420 (decimal 1056)
   defining Unicode char U+0421 (decimal 1057)
   defining Unicode char U+0422 (decimal 1058)
   defining Unicode char U+0423 (decimal 1059)
   defining Unicode char U+0424 (decimal 1060)
   defining Unicode char U+0425 (decimal 1061)
   defining Unicode char U+0426 (decimal 1062)
   defining Unicode char U+0427 (decimal 1063)
   defining Unicode char U+0428 (decimal 1064)
   defining Unicode char U+0429 (decimal 1065)
   defining Unicode char U+042A (decimal 1066)
   defining Unicode char U+042B (decimal 1067)
   defining Unicode char U+042C (decimal 1068)
   defining Unicode char U+042D (decimal 1069)
   defining Unicode char U+042E (decimal 1070)
   defining Unicode char U+042F (decimal 1071)
   defining Unicode char U+0430 (decimal 1072)
   defining Unicode char U+0431 (decimal 1073)
   defining Unicode char U+0432 (decimal 1074)
   defining Unicode char U+0433 (decimal 1075)
   defining Unicode char U+0434 (decimal 1076)
   defining Unicode char U+0435 (decimal 1077)
   defining Unicode char U+0436 (decimal 1078)
   defining Unicode char U+0437 (decimal 1079)
   defining Unicode char U+0438 (decimal 1080)
   defining Unicode char U+0439 (decimal 1081)
   defining Unicode char U+043A (decimal 1082)
   defining Unicode char U+043B (decimal 1083)
   defining Unicode char U+043C (decimal 1084)
   defining Unicode char U+043D (decimal 1085)
   defining Unicode char U+043E (decimal 1086)
   defining Unicode char U+043F (decimal 1087)
   defining Unicode char U+0440 (decimal 1088)
   defining Unicode char U+0441 (decimal 1089)
   defining Unicode char U+0442 (decimal 1090)
   defining Unicode char U+0443 (decimal 1091)
   defining Unicode char U+0444 (decimal 1092)
   defining Unicode char U+0445 (decimal 1093)
   defining Unicode char U+0446 (decimal 1094)
   defining Unicode char U+0447 (decimal 1095)
   defining Unicode char U+0448 (decimal 1096)
   defining Unicode char U+0449 (decimal 1097)
   defining Unicode char U+044A (decimal 1098)
   defining Unicode char U+044B (decimal 1099)
   defining Unicode char U+044C (decimal 1100)
   defining Unicode char U+044D (decimal 1101)
   defining Unicode char U+044E (decimal 1102)
   defining Unicode char U+044F (decimal 1103)
   defining Unicode char U+0450 (decimal 1104)
   defining Unicode char U+0451 (decimal 1105)
   defining Unicode char U+0453 (decimal 1107)
   defining Unicode char U+0455 (decimal 1109)
   defining Unicode char U+0456 (decimal 1110)
   defining Unicode char U+0458 (decimal 1112)
   defining Unicode char U+0459 (decimal 1113)
   defining Unicode char U+045A (decimal 1114)
   defining Unicode char U+045C (decimal 1116)
   defining Unicode char U+045D (decimal 1117)
   defining Unicode char U+045E (decimal 1118)
   defining Unicode char U+0492 (decimal 1170)
   defining Unicode char U+0493 (decimal 1171)
   defining Unicode char U+0494 (decimal 1172)
   defining Unicode char U+0495 (decimal 1173)
   defining Unicode char U+0496 (decimal 1174)
   defining Unicode char U+0497 (decimal 1175)
   defining Unicode char U+049A (decimal 1178)
   defining Unicode char U+049B (decimal 1179)
   defining Unicode char U+04A2 (decimal 1186)
   defining Unicode char U+04A3 (decimal 1187)
   defining Unicode char U+04A4 (decimal 1188)
   defining Unicode char U+04A5 (decimal 1189)
   defining Unicode char U+04AE (decimal 1198)
   defining Unicode char U+04AF (decimal 1199)
   defining Unicode char U+04B2 (decimal 1202)
   defining Unicode char U+04B3 (decimal 1203)
   defining Unicode char U+04B6 (decimal 1206)
   defining Unicode char U+04B7 (decimal 1207)
   defining Unicode char U+04BA (decimal 1210)
   defining Unicode char U+04BB (decimal 1211)
   defining Unicode char U+04C0 (decimal 1216)
   defining Unicode char U+04C1 (decimal 1217)
   defining Unicode char U+04C2 (decimal 1218)
   defining Unicode char U+04C3 (decimal 1219)
   defining Unicode char U+04C4 (decimal 1220)
   defining Unicode char U+04C5 (decimal 1221)
   defining Unicode char U+04C6 (decimal 1222)
   defining Unicode char U+04C7 (decimal 1223)
   defining Unicode char U+04C8 (decimal 1224)
   defining Unicode char U+04CB (decimal 1227)
   defining Unicode char U+04CC (decimal 1228)
   defining Unicode char U+04D0 (decimal 1232)
   defining Unicode char U+04D1 (decimal 1233)
   defining Unicode char U+04D2 (decimal 1234)
   defining Unicode char U+04D3 (decimal 1235)
   defining Unicode char U+04D6 (decimal 1238)
   defining Unicode char U+04D7 (decimal 1239)
   defining Unicode char U+04D8 (decimal 1240)
   defining Unicode char U+04D9 (decimal 1241)
   defining Unicode char U+04DA (decimal 1242)
   defining Unicode char U+04DB (decimal 1243)
   defining Unicode char U+04DC (decimal 1244)
   defining Unicode char U+04DD (decimal 1245)
   defining Unicode char U+04DE (decimal 1246)
   defining Unicode char U+04DF (decimal 1247)
   defining Unicode char U+04E0 (decimal 1248)
   defining Unicode char U+04E1 (decimal 1249)
   defining Unicode char U+04E2 (decimal 1250)
   defining Unicode char U+04E3 (decimal 1251)
   defining Unicode char U+04E4 (decimal 1252)
   defining Unicode char U+04E5 (decimal 1253)
   defining Unicode char U+04E6 (decimal 1254)
   defining Unicode char U+04E7 (decimal 1255)
   defining Unicode char U+04E8 (decimal 1256)
   defining Unicode char U+04E9 (decimal 1257)
   defining Unicode char U+04EC (decimal 1260)
   defining Unicode char U+04ED (decimal 1261)
   defining Unicode char U+04EE (decimal 1262)
   defining Unicode char U+04EF (decimal 1263)
   defining Unicode char U+04F0 (decimal 1264)
   defining Unicode char U+04F1 (decimal 1265)
   defining Unicode char U+04F2 (decimal 1266)
   defining Unicode char U+04F3 (decimal 1267)
   defining Unicode char U+04F4 (decimal 1268)
   defining Unicode char U+04F5 (decimal 1269)
   defining Unicode char U+04F6 (decimal 1270)
   defining Unicode char U+04F7 (decimal 1271)
   defining Unicode char U+04F8 (decimal 1272)
   defining Unicode char U+04F9 (decimal 1273)
   defining Unicode char U+04FA (decimal 1274)
   defining Unicode char U+04FB (decimal 1275)
   defining Unicode char U+04FC (decimal 1276)
   defining Unicode char U+04FD (decimal 1277)
   defining Unicode char U+04FE (decimal 1278)
   defining Unicode char U+04FF (decimal 1279)
   defining Unicode char U+200C (decimal 8204)
   defining Unicode char U+2013 (decimal 8211)
   defining Unicode char U+2014 (decimal 8212)
   defining Unicode char U+2018 (decimal 8216)
   defining Unicode char U+2019 (decimal 8217)
   defining Unicode char U+201C (decimal 8220)
   defining Unicode char U+201D (decimal 8221)
   defining Unicode char U+201E (decimal 8222)
   defining Unicode char U+2030 (decimal 8240)
   defining Unicode char U+2031 (decimal 8241)
   defining Unicode char U+2116 (decimal 8470)
   defining Unicode char U+2329 (decimal 9001)
   defining Unicode char U+3008 (decimal 12296)
   defining Unicode char U+232A (decimal 9002)
   defining Unicode char U+3009 (decimal 12297)
   defining Unicode char U+2423 (decimal 9251)
   defining Unicode char U+27E8 (decimal 10216)
   defining Unicode char U+27E9 (decimal 10217)
   defining Unicode char U+FB00 (decimal 64256)
   defining Unicode char U+FB01 (decimal 64257)
   defining Unicode char U+FB02 (decimal 64258)
   defining Unicode char U+FB03 (decimal 64259)
   defining Unicode char U+FB04 (decimal 64260)
   defining Unicode char U+FB05 (decimal 64261)
   defining Unicode char U+FB06 (decimal 64262)
))
(d:/texlive/2026/texmf-dist/tex/latex/greek-fontenc/lgrenc.def
File: lgrenc.def 2023-09-12 2.5 LGR Greek font encoding definitions
Now handling font encoding LGR ...
... processing UTF-8 mapping file for font encoding LGR

(d:/texlive/2026/texmf-dist/tex/latex/greek-inputenc/lgrenc.dfu
File: lgrenc.dfu 2023-03-21 1.9 UTF-8 support for Greek
   defining Unicode char U+00A8 (decimal 168)
   defining Unicode char U+00AB (decimal 171)
   defining Unicode char U+00AF (decimal 175)
   defining Unicode char U+00B4 (decimal 180)
   defining Unicode char U+00B7 (decimal 183)
   defining Unicode char U+00BB (decimal 187)
   defining Unicode char U+0259 (decimal 601)
   defining Unicode char U+02D8 (decimal 728)
   defining Unicode char U+0374 (decimal 884)
   defining Unicode char U+0375 (decimal 885)
   defining Unicode char U+037A (decimal 890)
   defining Unicode char U+037E (decimal 894)
   defining Unicode char U+0384 (decimal 900)
   defining Unicode char U+0385 (decimal 901)
   defining Unicode char U+0386 (decimal 902)
   defining Unicode char U+0387 (decimal 903)
   defining Unicode char U+0388 (decimal 904)
   defining Unicode char U+0389 (decimal 905)
   defining Unicode char U+038A (decimal 906)
   defining Unicode char U+038C (decimal 908)
   defining Unicode char U+038E (decimal 910)
   defining Unicode char U+038F (decimal 911)
   defining Unicode char U+0390 (decimal 912)
   defining Unicode char U+0391 (decimal 913)
   defining Unicode char U+0392 (decimal 914)
   defining Unicode char U+0393 (decimal 915)
   defining Unicode char U+0394 (decimal 916)
   defining Unicode char U+0395 (decimal 917)
   defining Unicode char U+0396 (decimal 918)
   defining Unicode char U+0397 (decimal 919)
   defining Unicode char U+0398 (decimal 920)
   defining Unicode char U+0399 (decimal 921)
   defining Unicode char U+039A (decimal 922)
   defining Unicode char U+039B (decimal 923)
   defining Unicode char U+039C (decimal 924)
   defining Unicode char U+039D (decimal 925)
   defining Unicode char U+039E (decimal 926)
   defining Unicode char U+039F (decimal 927)
   defining Unicode char U+03A0 (decimal 928)
   defining Unicode char U+03A1 (decimal 929)
   defining Unicode char U+03A3 (decimal 931)
   defining Unicode char U+03A4 (decimal 932)
   defining Unicode char U+03A5 (decimal 933)
   defining Unicode char U+03A6 (decimal 934)
   defining Unicode char U+03A7 (decimal 935)
   defining Unicode char U+03A8 (decimal 936)
   defining Unicode char U+03A9 (decimal 937)
   defining Unicode char U+03AA (decimal 938)
   defining Unicode char U+03AB (decimal 939)
   defining Unicode char U+03AC (decimal 940)
   defining Unicode char U+03AD (decimal 941)
   defining Unicode char U+03AE (decimal 942)
   defining Unicode char U+03AF (decimal 943)
   defining Unicode char U+03B0 (decimal 944)
   defining Unicode char U+03B1 (decimal 945)
   defining Unicode char U+03B2 (decimal 946)
   defining Unicode char U+03B3 (decimal 947)
   defining Unicode char U+03B4 (decimal 948)
   defining Unicode char U+03B5 (decimal 949)
   defining Unicode char U+03B6 (decimal 950)
   defining Unicode char U+03B7 (decimal 951)
   defining Unicode char U+03B8 (decimal 952)
   defining Unicode char U+03B9 (decimal 953)
   defining Unicode char U+03BA (decimal 954)
   defining Unicode char U+03BB (decimal 955)
   defining Unicode char U+03BC (decimal 956)
   defining Unicode char U+03BD (decimal 957)
   defining Unicode char U+03BE (decimal 958)
   defining Unicode char U+03BF (decimal 959)
   defining Unicode char U+03C0 (decimal 960)
   defining Unicode char U+03C1 (decimal 961)
   defining Unicode char U+03C2 (decimal 962)
   defining Unicode char U+03C3 (decimal 963)
   defining Unicode char U+03C4 (decimal 964)
   defining Unicode char U+03C5 (decimal 965)
   defining Unicode char U+03C6 (decimal 966)
   defining Unicode char U+03C7 (decimal 967)
   defining Unicode char U+03C8 (decimal 968)
   defining Unicode char U+03C9 (decimal 969)
   defining Unicode char U+03CA (decimal 970)
   defining Unicode char U+03CB (decimal 971)
   defining Unicode char U+03CC (decimal 972)
   defining Unicode char U+03CD (decimal 973)
   defining Unicode char U+03CE (decimal 974)
   defining Unicode char U+03D0 (decimal 976)
   defining Unicode char U+03D1 (decimal 977)
   defining Unicode char U+03D5 (decimal 981)
   defining Unicode char U+03D6 (decimal 982)
   defining Unicode char U+03D8 (decimal 984)
   defining Unicode char U+03D9 (decimal 985)
   defining Unicode char U+03DA (decimal 986)
   defining Unicode char U+03DB (decimal 987)
   defining Unicode char U+03DC (decimal 988)
   defining Unicode char U+03DD (decimal 989)
   defining Unicode char U+03DE (decimal 990)
   defining Unicode char U+03DF (decimal 991)
   defining Unicode char U+03E0 (decimal 992)
   defining Unicode char U+03E1 (decimal 993)
   defining Unicode char U+03F0 (decimal 1008)
   defining Unicode char U+03F1 (decimal 1009)
   defining Unicode char U+03F4 (decimal 1012)
   defining Unicode char U+03F5 (decimal 1013)
   defining Unicode char U+1F00 (decimal 7936)
   defining Unicode char U+1F01 (decimal 7937)
   defining Unicode char U+1F02 (decimal 7938)
   defining Unicode char U+1F03 (decimal 7939)
   defining Unicode char U+1F04 (decimal 7940)
   defining Unicode char U+1F05 (decimal 7941)
   defining Unicode char U+1F06 (decimal 7942)
   defining Unicode char U+1F07 (decimal 7943)
   defining Unicode char U+1F08 (decimal 7944)
   defining Unicode char U+1F09 (decimal 7945)
   defining Unicode char U+1F0A (decimal 7946)
   defining Unicode char U+1F0B (decimal 7947)
   defining Unicode char U+1F0C (decimal 7948)
   defining Unicode char U+1F0D (decimal 7949)
   defining Unicode char U+1F0E (decimal 7950)
   defining Unicode char U+1F0F (decimal 7951)
   defining Unicode char U+1F10 (decimal 7952)
   defining Unicode char U+1F11 (decimal 7953)
   defining Unicode char U+1F12 (decimal 7954)
   defining Unicode char U+1F13 (decimal 7955)
   defining Unicode char U+1F14 (decimal 7956)
   defining Unicode char U+1F15 (decimal 7957)
   defining Unicode char U+1F18 (decimal 7960)
   defining Unicode char U+1F19 (decimal 7961)
   defining Unicode char U+1F1A (decimal 7962)
   defining Unicode char U+1F1B (decimal 7963)
   defining Unicode char U+1F1C (decimal 7964)
   defining Unicode char U+1F1D (decimal 7965)
   defining Unicode char U+1F20 (decimal 7968)
   defining Unicode char U+1F21 (decimal 7969)
   defining Unicode char U+1F22 (decimal 7970)
   defining Unicode char U+1F23 (decimal 7971)
   defining Unicode char U+1F24 (decimal 7972)
   defining Unicode char U+1F25 (decimal 7973)
   defining Unicode char U+1F26 (decimal 7974)
   defining Unicode char U+1F27 (decimal 7975)
   defining Unicode char U+1F28 (decimal 7976)
   defining Unicode char U+1F29 (decimal 7977)
   defining Unicode char U+1F2A (decimal 7978)
   defining Unicode char U+1F2B (decimal 7979)
   defining Unicode char U+1F2C (decimal 7980)
   defining Unicode char U+1F2D (decimal 7981)
   defining Unicode char U+1F2E (decimal 7982)
   defining Unicode char U+1F2F (decimal 7983)
   defining Unicode char U+1F30 (decimal 7984)
   defining Unicode char U+1F31 (decimal 7985)
   defining Unicode char U+1F32 (decimal 7986)
   defining Unicode char U+1F33 (decimal 7987)
   defining Unicode char U+1F34 (decimal 7988)
   defining Unicode char U+1F35 (decimal 7989)
   defining Unicode char U+1F36 (decimal 7990)
   defining Unicode char U+1F37 (decimal 7991)
   defining Unicode char U+1F38 (decimal 7992)
   defining Unicode char U+1F39 (decimal 7993)
   defining Unicode char U+1F3A (decimal 7994)
   defining Unicode char U+1F3B (decimal 7995)
   defining Unicode char U+1F3C (decimal 7996)
   defining Unicode char U+1F3D (decimal 7997)
   defining Unicode char U+1F3E (decimal 7998)
   defining Unicode char U+1F3F (decimal 7999)
   defining Unicode char U+1F40 (decimal 8000)
   defining Unicode char U+1F41 (decimal 8001)
   defining Unicode char U+1F42 (decimal 8002)
   defining Unicode char U+1F43 (decimal 8003)
   defining Unicode char U+1F44 (decimal 8004)
   defining Unicode char U+1F45 (decimal 8005)
   defining Unicode char U+1F48 (decimal 8008)
   defining Unicode char U+1F49 (decimal 8009)
   defining Unicode char U+1F4A (decimal 8010)
   defining Unicode char U+1F4B (decimal 8011)
   defining Unicode char U+1F4C (decimal 8012)
   defining Unicode char U+1F4D (decimal 8013)
   defining Unicode char U+1F50 (decimal 8016)
   defining Unicode char U+1F51 (decimal 8017)
   defining Unicode char U+1F52 (decimal 8018)
   defining Unicode char U+1F53 (decimal 8019)
   defining Unicode char U+1F54 (decimal 8020)
   defining Unicode char U+1F55 (decimal 8021)
   defining Unicode char U+1F56 (decimal 8022)
   defining Unicode char U+1F57 (decimal 8023)
   defining Unicode char U+1F59 (decimal 8025)
   defining Unicode char U+1F5B (decimal 8027)
   defining Unicode char U+1F5D (decimal 8029)
   defining Unicode char U+1F5F (decimal 8031)
   defining Unicode char U+1F60 (decimal 8032)
   defining Unicode char U+1F61 (decimal 8033)
   defining Unicode char U+1F62 (decimal 8034)
   defining Unicode char U+1F63 (decimal 8035)
   defining Unicode char U+1F64 (decimal 8036)
   defining Unicode char U+1F65 (decimal 8037)
   defining Unicode char U+1F66 (decimal 8038)
   defining Unicode char U+1F67 (decimal 8039)
   defining Unicode char U+1F68 (decimal 8040)
   defining Unicode char U+1F69 (decimal 8041)
   defining Unicode char U+1F6A (decimal 8042)
   defining Unicode char U+1F6B (decimal 8043)
   defining Unicode char U+1F6C (decimal 8044)
   defining Unicode char U+1F6D (decimal 8045)
   defining Unicode char U+1F6E (decimal 8046)
   defining Unicode char U+1F6F (decimal 8047)
   defining Unicode char U+1F70 (decimal 8048)
   defining Unicode char U+1F71 (decimal 8049)
   defining Unicode char U+1F72 (decimal 8050)
   defining Unicode char U+1F73 (decimal 8051)
   defining Unicode char U+1F74 (decimal 8052)
   defining Unicode char U+1F75 (decimal 8053)
   defining Unicode char U+1F76 (decimal 8054)
   defining Unicode char U+1F77 (decimal 8055)
   defining Unicode char U+1F78 (decimal 8056)
   defining Unicode char U+1F79 (decimal 8057)
   defining Unicode char U+1F7A (decimal 8058)
   defining Unicode char U+1F7B (decimal 8059)
   defining Unicode char U+1F7C (decimal 8060)
   defining Unicode char U+1F7D (decimal 8061)
   defining Unicode char U+1F80 (decimal 8064)
   defining Unicode char U+1F81 (decimal 8065)
   defining Unicode char U+1F82 (decimal 8066)
   defining Unicode char U+1F83 (decimal 8067)
   defining Unicode char U+1F84 (decimal 8068)
   defining Unicode char U+1F85 (decimal 8069)
   defining Unicode char U+1F86 (decimal 8070)
   defining Unicode char U+1F87 (decimal 8071)
   defining Unicode char U+1F88 (decimal 8072)
   defining Unicode char U+1F89 (decimal 8073)
   defining Unicode char U+1F8A (decimal 8074)
   defining Unicode char U+1F8B (decimal 8075)
   defining Unicode char U+1F8C (decimal 8076)
   defining Unicode char U+1F8D (decimal 8077)
   defining Unicode char U+1F8E (decimal 8078)
   defining Unicode char U+1F8F (decimal 8079)
   defining Unicode char U+1F90 (decimal 8080)
   defining Unicode char U+1F91 (decimal 8081)
   defining Unicode char U+1F92 (decimal 8082)
   defining Unicode char U+1F93 (decimal 8083)
   defining Unicode char U+1F94 (decimal 8084)
   defining Unicode char U+1F95 (decimal 8085)
   defining Unicode char U+1F96 (decimal 8086)
   defining Unicode char U+1F97 (decimal 8087)
   defining Unicode char U+1F98 (decimal 8088)
   defining Unicode char U+1F99 (decimal 8089)
   defining Unicode char U+1F9A (decimal 8090)
   defining Unicode char U+1F9B (decimal 8091)
   defining Unicode char U+1F9C (decimal 8092)
   defining Unicode char U+1F9D (decimal 8093)
   defining Unicode char U+1F9E (decimal 8094)
   defining Unicode char U+1F9F (decimal 8095)
   defining Unicode char U+1FA0 (decimal 8096)
   defining Unicode char U+1FA1 (decimal 8097)
   defining Unicode char U+1FA2 (decimal 8098)
   defining Unicode char U+1FA3 (decimal 8099)
   defining Unicode char U+1FA4 (decimal 8100)
   defining Unicode char U+1FA5 (decimal 8101)
   defining Unicode char U+1FA6 (decimal 8102)
   defining Unicode char U+1FA7 (decimal 8103)
   defining Unicode char U+1FA8 (decimal 8104)
   defining Unicode char U+1FA9 (decimal 8105)
   defining Unicode char U+1FAA (decimal 8106)
   defining Unicode char U+1FAB (decimal 8107)
   defining Unicode char U+1FAC (decimal 8108)
   defining Unicode char U+1FAD (decimal 8109)
   defining Unicode char U+1FAE (decimal 8110)
   defining Unicode char U+1FAF (decimal 8111)
   defining Unicode char U+1FB0 (decimal 8112)
   defining Unicode char U+1FB1 (decimal 8113)
   defining Unicode char U+1FB2 (decimal 8114)
   defining Unicode char U+1FB3 (decimal 8115)
   defining Unicode char U+1FB4 (decimal 8116)
   defining Unicode char U+1FB6 (decimal 8118)
   defining Unicode char U+1FB7 (decimal 8119)
   defining Unicode char U+1FB8 (decimal 8120)
   defining Unicode char U+1FB9 (decimal 8121)
   defining Unicode char U+1FBA (decimal 8122)
   defining Unicode char U+1FBB (decimal 8123)
   defining Unicode char U+1FBC (decimal 8124)
   defining Unicode char U+1FBD (decimal 8125)
   defining Unicode char U+1FBE (decimal 8126)
   defining Unicode char U+1FBF (decimal 8127)
   defining Unicode char U+1FC0 (decimal 8128)
   defining Unicode char U+1FC1 (decimal 8129)
   defining Unicode char U+1FC2 (decimal 8130)
   defining Unicode char U+1FC3 (decimal 8131)
   defining Unicode char U+1FC4 (decimal 8132)
   defining Unicode char U+1FC6 (decimal 8134)
   defining Unicode char U+1FC7 (decimal 8135)
   defining Unicode char U+1FC8 (decimal 8136)
   defining Unicode char U+1FC9 (decimal 8137)
   defining Unicode char U+1FCA (decimal 8138)
   defining Unicode char U+1FCB (decimal 8139)
   defining Unicode char U+1FCC (decimal 8140)
   defining Unicode char U+1FCD (decimal 8141)
   defining Unicode char U+1FCE (decimal 8142)
   defining Unicode char U+1FCF (decimal 8143)
   defining Unicode char U+1FD0 (decimal 8144)
   defining Unicode char U+1FD1 (decimal 8145)
   defining Unicode char U+1FD2 (decimal 8146)
   defining Unicode char U+1FD3 (decimal 8147)
   defining Unicode char U+1FD6 (decimal 8150)
   defining Unicode char U+1FD7 (decimal 8151)
   defining Unicode char U+1FD8 (decimal 8152)
   defining Unicode char U+1FD9 (decimal 8153)
   defining Unicode char U+1FDA (decimal 8154)
   defining Unicode char U+1FDB (decimal 8155)
   defining Unicode char U+1FDD (decimal 8157)
   defining Unicode char U+1FDE (decimal 8158)
   defining Unicode char U+1FDF (decimal 8159)
   defining Unicode char U+1FE0 (decimal 8160)
   defining Unicode char U+1FE1 (decimal 8161)
   defining Unicode char U+1FE2 (decimal 8162)
   defining Unicode char U+1FE3 (decimal 8163)
   defining Unicode char U+1FE4 (decimal 8164)
   defining Unicode char U+1FE5 (decimal 8165)
   defining Unicode char U+1FE6 (decimal 8166)
   defining Unicode char U+1FE7 (decimal 8167)
   defining Unicode char U+1FE8 (decimal 8168)
   defining Unicode char U+1FE9 (decimal 8169)
   defining Unicode char U+1FEA (decimal 8170)
   defining Unicode char U+1FEB (decimal 8171)
   defining Unicode char U+1FEC (decimal 8172)
   defining Unicode char U+1FED (decimal 8173)
   defining Unicode char U+1FEE (decimal 8174)
   defining Unicode char U+1FEF (decimal 8175)
   defining Unicode char U+1FF2 (decimal 8178)
   defining Unicode char U+1FF3 (decimal 8179)
   defining Unicode char U+1FF4 (decimal 8180)
   defining Unicode char U+1FF6 (decimal 8182)
   defining Unicode char U+1FF7 (decimal 8183)
   defining Unicode char U+1FF8 (decimal 8184)
   defining Unicode char U+1FF9 (decimal 8185)
   defining Unicode char U+1FFA (decimal 8186)
   defining Unicode char U+1FFB (decimal 8187)
   defining Unicode char U+1FFC (decimal 8188)
   defining Unicode char U+1FFD (decimal 8189)
   defining Unicode char U+1FFE (decimal 8190)
   defining Unicode char U+2013 (decimal 8211)
   defining Unicode char U+2014 (decimal 8212)
   defining Unicode char U+2018 (decimal 8216)
   defining Unicode char U+2019 (decimal 8217)
   defining Unicode char U+201A (decimal 8218)
   defining Unicode char U+2030 (decimal 8240)
   defining Unicode char U+2039 (decimal 8249)
   defining Unicode char U+203A (decimal 8250)
   defining Unicode char U+20AC (decimal 8364)
   defining Unicode char U+2126 (decimal 8486)
   defining Unicode char U+10144 (decimal 65860)
   defining Unicode char U+10145 (decimal 65861)
   defining Unicode char U+10146 (decimal 65862)
   defining Unicode char U+10147 (decimal 65863)
)
(d:/texlive/2026/texmf-dist/tex/latex/greek-fontenc/greek-fontenc.def
File: greek-fontenc.def 2023-09-12 2.5 Common Greek font encoding definitions
LaTeX Encoding Info:    Ignoring declaration for text command \accACUTE (encodi
ng LGR) on input line 251.
LaTeX Encoding Info:    Ignoring declaration for text command \accGRAVE (encodi
ng LGR) on input line 259.
LaTeX Encoding Info:    Ignoring declaration for text command \accTILDE (encodi
ng LGR) on input line 267.
)))
(d:/texlive/2026/texmf-dist/tex/latex/base/textcomp.sty
Package: textcomp 2024/04/24 v2.1b Standard LaTeX package
)
(d:/texlive/2026/texmf-dist/tex/latex/fontaxes/fontaxes.sty
Package: fontaxes 2026-01-02 v2.0.2 Font selection axes (deprecated)
Applying: [2024-11-01] Use figureversions if present on input line 74.

(d:/texlive/2026/texmf-dist/tex/latex/figureversions/figureversions.sty
Package: figureversions 2025-04-29 v1.0.1 Figure versions
)
Already applied: [0000-00-00] Fall back to v1 on input line 76.
)
(d:/texlive/2026/texmf-dist/tex/latex/xkeyval/xkeyval.sty
Package: xkeyval 2025/11/04 v2.10 package option processing (HA)

(d:/texlive/2026/texmf-dist/tex/generic/xkeyval/xkeyval.tex
(d:/texlive/2026/texmf-dist/tex/generic/xkeyval/xkvutils.tex
\XKV@toks=\toks41
\XKV@tempa@toks=\toks42
\XKV@tempb@toks=\toks43
)
\XKV@depth=\count360
File: xkeyval.tex 2014/12/03 v2.7a key=value parser (HA)
)))
(d:/texlive/2026/texmf-dist/tex/latex/newtx/newtxmath.sty
Package: newtxmath 2024/09/22 v1.754

`newtxmath' v1.754, 2024/09/22 Math macros based originally on txfonts (msharpe
) (d:/texlive/2026/texmf-dist/tex/latex/base/ifthen.sty
Package: ifthen 2024/03/16 v1.1e Standard LaTeX ifthen package (DPC)
)
(d:/texlive/2026/texmf-dist/tex/latex/oberdiek/centernot.sty
Package: centernot 2016/05/16 v1.4 Centers the not symbol horizontally (HO)
)
\tx@cntz=\count361

(d:/texlive/2026/texmf-dist/tex/generic/kastrup/binhex.tex)
\tx@Isdigit=\count362
\tx@IsAlNum=\count363
\tx@tA=\toks44
\tx@tB=\toks45
\tx@su=\read4

amsthm NOT loaded
LaTeX Font Info:    Redeclaring symbol font `operators' on input line 402.
LaTeX Font Info:    Overwriting symbol font `operators' in version `normal'
(Font)                  OT1/lmr/m/n --> OT1/Tempora-TLF/m/n on input line 402.
LaTeX Font Info:    Overwriting symbol font `operators' in version `bold'
(Font)                  OT1/lmr/bx/n --> OT1/Tempora-TLF/m/n on input line 402.

LaTeX Font Info:    Overwriting symbol font `operators' in version `bold'
(Font)                  OT1/Tempora-TLF/m/n --> OT1/Tempora-TLF/b/n on input li
ne 403.
LaTeX Font Info:    Redeclaring math alphabet \mathsf on input line 410.
LaTeX Font Info:    Overwriting math alphabet `\mathsf' in version `normal'
(Font)                  OT1/lmss/m/n --> OT1/lmss/m/n on input line 410.
LaTeX Font Info:    Overwriting math alphabet `\mathsf' in version `bold'
(Font)                  OT1/lmss/bx/n --> OT1/lmss/m/n on input line 410.
LaTeX Font Info:    Overwriting math alphabet `\mathsf' in version `bold'
(Font)                  OT1/lmss/m/n --> OT1/lmss/b/n on input line 412.
LaTeX Font Info:    Redeclaring math alphabet \mathit on input line 419.
LaTeX Font Info:    Overwriting math alphabet `\mathit' in version `normal'
(Font)                  OT1/lmr/m/it --> OT1/Tempora-TLF/m/it on input line 419
.
LaTeX Font Info:    Overwriting math alphabet `\mathit' in version `bold'
(Font)                  OT1/lmr/bx/it --> OT1/Tempora-TLF/m/it on input line 41
9.
LaTeX Font Info:    Redeclaring math alphabet \mathtt on input line 420.
LaTeX Font Info:    Overwriting math alphabet `\mathtt' in version `normal'
(Font)                  OT1/lmtt/m/n --> T1/lmtt/m/n on input line 420.
LaTeX Font Info:    Overwriting math alphabet `\mathtt' in version `bold'
(Font)                  OT1/lmtt/m/n --> T1/lmtt/m/n on input line 420.
LaTeX Font Info:    Redeclaring math alphabet \mathbf on input line 422.
LaTeX Font Info:    Overwriting math alphabet `\mathbf' in version `normal'
(Font)                  OT1/lmr/bx/n --> OT1/Tempora-TLF/b/n on input line 422.

LaTeX Font Info:    Overwriting math alphabet `\mathbf' in version `bold'
(Font)                  OT1/lmr/bx/n --> OT1/Tempora-TLF/b/n on input line 422.

LaTeX Font Info:    Overwriting math alphabet `\mathit' in version `bold'
(Font)                  OT1/Tempora-TLF/m/it --> OT1/Tempora-TLF/b/it on input 
line 423.
LaTeX Font Info:    Overwriting math alphabet `\mathtt' in version `bold'
(Font)                  T1/lmtt/m/n --> T1/lmtt/b/n on input line 426.
LaTeX Font Info:    Redeclaring symbol font `letters' on input line 534.
LaTeX Font Info:    Overwriting symbol font `letters' in version `normal'
(Font)                  OML/lmm/m/it --> OML/ntxmi/m/it on input line 534.
LaTeX Font Info:    Overwriting symbol font `letters' in version `bold'
(Font)                  OML/lmm/b/it --> OML/ntxmi/m/it on input line 534.
LaTeX Font Info:    Overwriting symbol font `letters' in version `bold'
(Font)                  OML/ntxmi/m/it --> OML/ntxmi/b/it on input line 535.
\symlettersA=\mathgroup6
LaTeX Font Info:    Overwriting symbol font `lettersA' in version `bold'
(Font)                  U/ntxmia/m/it --> U/ntxmia/b/it on input line 582.
LaTeX Font Info:    Redeclaring math alphabet \mathfrak on input line 584.
Now handling font encoding LMS ...
... no UTF-8 mapping file for font encoding LMS
LaTeX Font Info:    Redeclaring symbol font `symbols' on input line 604.
LaTeX Font Info:    Encoding `OMS' has changed to `LMS' for symbol font
(Font)              `symbols' in the math version `normal' on input line 604.
LaTeX Font Info:    Overwriting symbol font `symbols' in version `normal'
(Font)                  OMS/lmsy/m/n --> LMS/ntxsy/m/n on input line 604.
LaTeX Font Info:    Encoding `OMS' has changed to `LMS' for symbol font
(Font)              `symbols' in the math version `bold' on input line 604.
LaTeX Font Info:    Overwriting symbol font `symbols' in version `bold'
(Font)                  OMS/lmsy/b/n --> LMS/ntxsy/m/n on input line 604.
LaTeX Font Info:    Overwriting symbol font `symbols' in version `bold'
(Font)                  LMS/ntxsy/m/n --> LMS/ntxsy/b/n on input line 605.
\symAMSm=\mathgroup7
LaTeX Font Info:    Overwriting symbol font `AMSm' in version `bold'
(Font)                  U/ntxsym/m/n --> U/ntxsym/b/n on input line 630.
\symsymbolsC=\mathgroup8
LaTeX Font Info:    Overwriting symbol font `symbolsC' in version `bold'
(Font)                  U/ntxsyc/m/n --> U/ntxsyc/b/n on input line 651.
Now handling font encoding LMX ...
... no UTF-8 mapping file for font encoding LMX
LaTeX Font Info:    Redeclaring symbol font `largesymbols' on input line 664.
LaTeX Font Info:    Encoding `OMX' has changed to `LMX' for symbol font
(Font)              `largesymbols' in the math version `normal' on input line 6
64.
LaTeX Font Info:    Overwriting symbol font `largesymbols' in version `normal'
(Font)                  OMX/lmex/m/n --> LMX/ntxexx/m/n on input line 664.
LaTeX Font Info:    Encoding `OMX' has changed to `LMX' for symbol font
(Font)              `largesymbols' in the math version `bold' on input line 664
.
LaTeX Font Info:    Overwriting symbol font `largesymbols' in version `bold'
(Font)                  OMX/lmex/m/n --> LMX/ntxexx/m/n on input line 664.
LaTeX Font Info:    Overwriting symbol font `largesymbols' in version `bold'
(Font)                  LMX/ntxexx/m/n --> LMX/ntxexx/b/n on input line 665.
\symlargesymbolsTXA=\mathgroup9
LaTeX Font Info:    Overwriting symbol font `largesymbolsTXA' in version `bold'

(Font)                  U/ntxexa/m/n --> U/ntxexa/b/n on input line 679.
\tx@sbptoks=\toks46
LaTeX Font Info:    Redeclaring math delimiter \lfloor on input line 902.
LaTeX Font Info:    Redeclaring math delimiter \rfloor on input line 903.
LaTeX Font Info:    Redeclaring math delimiter \lceil on input line 904.
LaTeX Font Info:    Redeclaring math delimiter \rceil on input line 905.
LaTeX Font Info:    Redeclaring math delimiter \lbrace on input line 910.
LaTeX Font Info:    Redeclaring math delimiter \rbrace on input line 911.
LaTeX Font Info:    Redeclaring math delimiter \langle on input line 913.
LaTeX Font Info:    Redeclaring math delimiter \rangle on input line 915.
LaTeX Font Info:    Redeclaring math delimiter \arrowvert on input line 919.
LaTeX Font Info:    Redeclaring math delimiter \vert on input line 920.
LaTeX Font Info:    Redeclaring math accent \dot on input line 991.
LaTeX Font Info:    Redeclaring math accent \ddot on input line 992.
LaTeX Font Info:    Redeclaring math accent \vec on input line 2057.
LaTeX Info: Redefining \Bbbk on input line 2847.
LaTeX Info: Redefining \not on input line 2995.
LaTeX Info: Redefining \textsquare on input line 3025.
LaTeX Info: Redefining \openbox on input line 3027.
) (d:/texlive/2026/texmf-dist/tex/latex/printlen/printlen.sty
Package: printlen 2009/09/03 v1.1a print lengths with units
)
(d:/texlive/2026/texmf-dist/tex/latex/tools/bm.sty
Package: bm 2025/10/21 v1.2g Bold Symbol Support (DPC/FMi)
\symboldoperators=\mathgroup10
\symboldletters=\mathgroup11
\symboldsymbols=\mathgroup12
\symboldlargesymbols=\mathgroup13
Package bm Info: No bold for \U/msa/m/n, using \pmb.
Package bm Info: No bold for \U/msb/m/n, using \pmb.
LaTeX Font Info:    Redeclaring math alphabet \mathbf on input line 149.
)
(d:/texlive/2026/texmf-dist/tex/latex/csquotes/csquotes.sty
Package: csquotes 2024-04-04 v5.2o context-sensitive quotations (JAW)
\csq@reset=\count364
\csq@gtype=\count365
\csq@glevel=\count366
\csq@qlevel=\count367
\csq@maxlvl=\count368
\csq@tshold=\count369
\csq@ltx@everypar=\toks47

(d:/texlive/2026/texmf-dist/tex/latex/csquotes/csquotes.def
File: csquotes.def 2024-04-04 v5.2o csquotes generic definitions (JAW)
)
Package csquotes Info: Trying to load configuration file 'csquotes.cfg'...
Package csquotes Info: ... configuration file loaded successfully.

(d:/texlive/2026/texmf-dist/tex/latex/csquotes/csquotes.cfg
File: csquotes.cfg 
))
(d:/texlive/2026/texmf-dist/tex/latex/tools/indentfirst.sty
Package: indentfirst 2023/07/02 v1.03 Indent first paragraph (DPC)
)
(d:/texlive/2026/texmf-dist/tex/latex/colortbl/colortbl.sty
Package: colortbl 2024/10/29 v1.0k Color table columns (DPC)

(d:/texlive/2026/texmf-dist/tex/latex/graphics/color.sty
Package: color 2025/01/14 v1.3e Standard LaTeX Color (DPC)

(d:/texlive/2026/texmf-dist/tex/latex/graphics-cfg/color.cfg
File: color.cfg 2016/01/02 v1.6 sample color configuration
)
Package color Info: Driver file: pdftex.def on input line 149.

(d:/texlive/2026/texmf-dist/tex/latex/graphics/mathcolor.ltx))
\everycr=\toks48
\minrowclearance=\skip259
\rownum=\count370
)
(d:/texlive/2026/texmf-dist/tex/latex/xcolor/xcolor.sty
Package: xcolor 2024/09/29 v3.02 LaTeX color extensions (UK)

(d:/texlive/2026/texmf-dist/tex/latex/graphics-cfg/color.cfg
File: color.cfg 2016/01/02 v1.6 sample color configuration
)

Package xcolor Warning: Package option `hyperref' is obsolete and ignored on in
put line 265.

Package xcolor Info: Driver file: pdftex.def on input line 274.
LaTeX Info: Redefining \color on input line 762.
(d:/texlive/2026/texmf-dist/tex/latex/graphics/mathcolor.ltx)
Package xcolor Info: Model `cmy' substituted by `cmy0' on input line 1349.
Package xcolor Info: Model `hsb' substituted by `rgb' on input line 1353.
Package xcolor Info: Model `RGB' extended on input line 1365.
Package xcolor Info: Model `HTML' substituted by `rgb' on input line 1367.
Package xcolor Info: Model `Hsb' substituted by `hsb' on input line 1368.
Package xcolor Info: Model `tHsb' substituted by `hsb' on input line 1369.
Package xcolor Info: Model `HSB' substituted by `hsb' on input line 1370.
Package xcolor Info: Model `Gray' substituted by `gray' on input line 1371.
Package xcolor Info: Model `wave' substituted by `hsb' on input line 1372.
)
(d:/texlive/2026/texmf-dist/tex/latex/graphics/dvipsnam.def
File: dvipsnam.def 2016/06/17 v3.0m Driver-dependent file (DPC,SPQR)
)
(d:/texlive/2026/texmf-dist/tex/latex/tools/longtable.sty
Package: longtable 2025-10-13 v4.24 Multi-page Table package (DPC)
\LTleft=\skip260
\LTright=\skip261
\LTpre=\skip262
\LTpost=\skip263
\LTchunksize=\count371
\LTcapwidth=\dimen282
\LT@head=\box61
\LT@firsthead=\box62
\LT@foot=\box63
\LT@lastfoot=\box64
\LT@gbox=\box65
\LT@cols=\count372
\LT@rows=\count373
\c@LT@tables=\count374
\c@LT@chunks=\count375
\LT@p@ftn=\toks49
)
(d:/texlive/2026/texmf-dist/tex/latex/multirow/multirow.sty
Package: multirow 2024/11/12 v2.9 Span multiple rows of a table
\multirow@colwidth=\skip264
\multirow@cntb=\count376
\multirow@dima=\skip265
\bigstrutjot=\dimen283
)
(d:/texlive/2026/texmf-dist/tex/latex/makecell/makecell.sty
Package: makecell 2009/08/03 V0.1e Managing of Tab Column Heads and Cells
\rotheadsize=\dimen284
\c@nlinenum=\count377
\TeXr@lab=\toks50
)
(d:/texlive/2026/texmf-dist/tex/generic/soul/soulutf8.sty
Package: soulutf8 2026-03-06 v3.2 Permit use of UTF-8 characters in soul (HO)


Package soulutf8 Warning: This package is obsolete,
(soulutf8)                use the soul package directly. 
(soulutf8)                 on input line 29.

) (d:/texlive/2026/texmf-dist/tex/generic/soul/soul.sty
Package: soul 2026-03-06 v3.2 Permit use of UTF-8 characters in soul (HO)

(d:/texlive/2026/texmf-dist/tex/generic/soul/soul-ori.sty
Package: soul-ori 2026-03-06 v3.2 letterspacing/underlining (mf)
\SOUL@word=\toks51
\SOUL@lasttoken=\toks52
\SOUL@syllable=\toks53
\SOUL@cmds=\toks54
\SOUL@buffer=\toks55
\SOUL@token=\toks56
\SOUL@syllgoal=\dimen285
\SOUL@syllwidth=\dimen286
\SOUL@charkern=\dimen287
\SOUL@hyphkern=\dimen288
\SOUL@dimen=\dimen289
\SOUL@dimeni=\dimen290
\SOUL@minus=\count378
\SOUL@comma=\count379
\SOUL@apo=\count380
\SOUL@grave=\count381
\SOUL@spaceskip=\skip266
\SOUL@ttwidth=\dimen291
\SOUL@uldp=\dimen292
\SOUL@ulht=\dimen293
)
(d:/texlive/2026/texmf-dist/tex/generic/etexcmds/etexcmds.sty
Package: etexcmds 2019/12/15 v1.7 Avoid name clashes with e-TeX commands (HO)
))
(d:/texlive/2026/texmf-dist/tex/latex/was/icomma.sty
Package: icomma 2002/03/10 v2.0 (WaS)
)
(d:/texlive/2026/texmf-dist/tex/latex/imakeidx/imakeidx.sty
Package: imakeidx 2016/10/15 v1.3e Package for typesetting indices in a synchro
nous mode

(d:/texlive/2026/texmf-dist/tex/generic/iftex/ifxetex.sty
Package: ifxetex 2019/10/25 v0.7 ifxetex legacy package. Use iftex instead.
)
(d:/texlive/2026/texmf-dist/tex/generic/iftex/ifluatex.sty
Package: ifluatex 2019/10/25 v1.5 ifluatex legacy package. Use iftex instead.
)
(d:/texlive/2026/texmf-dist/tex/latex/tools/multicol.sty
Package: multicol 2025/10/21 v2.0b multicolumn formatting (FMi)
\c@tracingmulticols=\count382
\mult@box=\box66
\multicol@leftmargin=\dimen294
\c@unbalance=\count383
\c@collectmore=\count384
\doublecol@number=\count385
\multicoltolerance=\count386
\multicolpretolerance=\count387
\full@width=\dimen295
\page@free=\dimen296
\premulticols=\dimen297
\postmulticols=\dimen298
\multicolsep=\skip267
\multicolbaselineskip=\skip268
\partial@page=\box67
\last@line=\box68
\mc@boxedresult=\box69
\maxbalancingoverflow=\dimen299
\mult@rightbox=\box70
\mult@grightbox=\box71
\mult@firstbox=\box72
\mult@gfirstbox=\box73
\@tempa=\box74
\@tempa=\box75
\@tempa=\box76
\@tempa=\box77
\@tempa=\box78
\@tempa=\box79
\@tempa=\box80
\@tempa=\box81
\@tempa=\box82
\@tempa=\box83
\@tempa=\box84
\@tempa=\box85
\@tempa=\box86
\@tempa=\box87
\@tempa=\box88
\@tempa=\box89
\@tempa=\box90
\@tempa=\box91
\@tempa=\box92
\@tempa=\box93
\@tempa=\box94
\@tempa=\box95
\@tempa=\box96
\@tempa=\box97
\@tempa=\box98
\@tempa=\box99
\@tempa=\box100
\@tempa=\box101
\@tempa=\box102
\@tempa=\box103
\@tempa=\box104
\@tempa=\box105
\@tempa=\box106
\@tempa=\box107
\@tempa=\box108
\@tempa=\box109
\c@minrows=\count388
\c@columnbadness=\count389
\c@finalcolumnbadness=\count390
\last@try=\dimen300
\multicolovershoot=\dimen301
\multicolundershoot=\dimen302
\mult@nat@firstbox=\box110
\colbreak@box=\box111
\mc@col@check@num=\count391
\g__mc_curr_col_int=\count392
))
\ru@idxfile=\write4
\openout4 = `ru.idx'.


Writing index file ru.idx
\en@idxfile=\write5
\openout5 = `en.idx'.

Writing index file en.idx
(d:/texlive/2026/texmf-dist/tex/latex/hyperref/hyperref.sty
Package: hyperref 2026-01-29 v7.01p Hypertext links for LaTeX

(d:/texlive/2026/texmf-dist/tex/generic/kvdefinekeys/kvdefinekeys.sty
Package: kvdefinekeys 2019-12-19 v1.6 Define keys (HO)
)
(d:/texlive/2026/texmf-dist/tex/generic/pdfescape/pdfescape.sty
Package: pdfescape 2019/12/09 v1.15 Implements pdfTeX's escape features (HO)

(d:/texlive/2026/texmf-dist/tex/generic/pdftexcmds/pdftexcmds.sty
Package: pdftexcmds 2020-06-27 v0.33 Utility functions of pdfTeX for LuaTeX (HO
)
Package pdftexcmds Info: \pdf@primitive is available.
Package pdftexcmds Info: \pdf@ifprimitive is available.
Package pdftexcmds Info: \pdfdraftmode found.
))
(d:/texlive/2026/texmf-dist/tex/latex/hycolor/hycolor.sty
Package: hycolor 2020-01-27 v1.10 Color options for hyperref/bookmark (HO)
)
(d:/texlive/2026/texmf-dist/tex/generic/stringenc/stringenc.sty
Package: stringenc 2019/11/29 v1.12 Convert strings between diff. encodings (HO
)
)
\@linkdim=\dimen303
\Hy@linkcounter=\count393
\Hy@pagecounter=\count394

(d:/texlive/2026/texmf-dist/tex/latex/hyperref/pd1enc.def
File: pd1enc.def 2026-01-29 v7.01p Hyperref: PDFDocEncoding definition (HO)
Now handling font encoding PD1 ...
... no UTF-8 mapping file for font encoding PD1
)
(d:/texlive/2026/texmf-dist/tex/generic/intcalc/intcalc.sty
Package: intcalc 2019/12/15 v1.3 Expandable calculations with integers (HO)
)
\Hy@SavedSpaceFactor=\count395

(d:/texlive/2026/texmf-dist/tex/latex/hyperref/puenc.def
File: puenc.def 2026-01-29 v7.01p Hyperref: PDF Unicode definition (HO)
Now handling font encoding PU ...
... no UTF-8 mapping file for font encoding PU

(d:/texlive/2026/texmf-dist/tex/latex/greek-fontenc/puenc-greek.def
File: puenc-greek.def 2023-09-12 2.5 Greek LICRs for PDF strings

(d:/texlive/2026/texmf-dist/tex/latex/greek-fontenc/greek-fontenc.def
File: greek-fontenc.def 2023-09-12 2.5 Common Greek font encoding definitions
)
LaTeX Encoding Info:    Redeclaring text command \textmu (encoding PU) on input
 line 179.
)
LaTeX Encoding Info:    Redeclaring text command \textohm (encoding PU) on inpu
t line 1176.
)
Package hyperref Info: Option `unicode' set `true' on input line 3166.
Package hyperref Info: Hyper figures OFF on input line 4201.
Package hyperref Info: Link nesting OFF on input line 4206.
Package hyperref Info: Hyper index ON on input line 4209.
Package hyperref Info: Plain pages OFF on input line 4216.
Package hyperref Info: Backreferencing OFF on input line 4221.
Package hyperref Info: Implicit mode ON; LaTeX internals redefined.
Package hyperref Info: Bookmarks ON on input line 4468.
\c@Hy@tempcnt=\count396

(d:/texlive/2026/texmf-dist/tex/latex/url/url.sty
\Urlmuskip=\muskip18
Package: url 2013/09/16  ver 3.4  Verb mode for urls, etc.
)
LaTeX Info: Redefining \url on input line 4807.
\XeTeXLinkMargin=\dimen304

(d:/texlive/2026/texmf-dist/tex/generic/bitset/bitset.sty
Package: bitset 2019/12/09 v1.3 Handle bit-vector datatype (HO)

(d:/texlive/2026/texmf-dist/tex/generic/bigintcalc/bigintcalc.sty
Package: bigintcalc 2019/12/15 v1.5 Expandable calculations on big integers (HO
)
))
\Fld@menulength=\count397
\Field@Width=\dimen305
\Fld@charsize=\dimen306
Package hyperref Info: Hyper figures OFF on input line 6084.
Package hyperref Info: Link nesting OFF on input line 6089.
Package hyperref Info: Hyper index ON on input line 6092.
Package hyperref Info: backreferencing OFF on input line 6099.
Package hyperref Info: Link coloring OFF on input line 6104.
Package hyperref Info: Link coloring with OCG OFF on input line 6109.
Package hyperref Info: PDF/A mode OFF on input line 6114.
\Hy@abspage=\count398
\c@Item=\count399
\c@Hfootnote=\count400
)
Package hyperref Info: Driver (autodetected): hpdftex.

(d:/texlive/2026/texmf-dist/tex/latex/hyperref/hpdftex.def
File: hpdftex.def 2026-01-29 v7.01p Hyperref driver for pdfTeX
\Fld@listcount=\count401
\c@bookmark@seq@number=\count402

(d:/texlive/2026/texmf-dist/tex/latex/rerunfilecheck/rerunfilecheck.sty
Package: rerunfilecheck 2025-06-21 v1.11 Rerun checks for auxiliary files (HO)

(d:/texlive/2026/texmf-dist/tex/generic/uniquecounter/uniquecounter.sty
Package: uniquecounter 2019/12/15 v1.4 Provide unlimited unique counter (HO)
)
Package uniquecounter Info: New unique counter `rerunfilecheck' on input line 2
84.
)
\Hy@SectionHShift=\skip269
)
(d:/texlive/2026/texmf-dist/tex/latex/memoir/memhfixc.sty
Package: memhfixc 2025/09/16 v1.24 hyperref package fixes for memoir class
\c@memhycontfloat=\count403
\c@mem@Hpagenote=\count404
)
(d:/texlive/2026/texmf-dist/tex/latex/graphics/graphicx.sty
Package: graphicx 2024/12/31 v1.2e Enhanced LaTeX Graphics (DPC,SPQR)
\Gin@req@height=\dimen307
\Gin@req@width=\dimen308
)
(d:/texlive/2026/texmf-dist/tex/latex/enumitem/enumitem.sty
Package: enumitem 2025/02/06 v3.11 Customized lists
\labelindent=\skip270
\enit@outerparindent=\dimen309
\enit@toks=\toks57
\enit@inbox=\box112
\enit@count@id=\count405
\enitdp@description=\count406
)
(d:/texlive/2026/texmf-dist/tex/latex/caption/caption.sty
Package: caption 2023/08/05 v3.6o Customizing captions (AR)

(d:/texlive/2026/texmf-dist/tex/latex/caption/caption3.sty
Package: caption3 2023/07/31 v2.4d caption3 kernel (AR)
\caption@tempdima=\dimen310
\captionmargin=\dimen311
\caption@leftmargin=\dimen312
\caption@rightmargin=\dimen313
\caption@width=\dimen314
\caption@indent=\dimen315
\caption@parindent=\dimen316
\caption@hangindent=\dimen317
Package caption Info: memoir document class detected.

(d:/texlive/2026/texmf-dist/tex/latex/caption/caption-memoir.sto
File: caption-memoir.sto 2023/09/08 v2.2c Adaption of the caption package to th
e memoir document class (AR)
))
\c@caption@flags=\count407
\c@continuedfloat=\count408
Package caption Info: changepage package is loaded.
\caption@adjustwidth@hsize=\dimen318
\caption@adjustwidth@linewidth=\dimen319
Package caption Info: hyperref package is loaded.
Package caption Info: longtable package is loaded.

(d:/texlive/2026/texmf-dist/tex/latex/caption/ltcaption.sty
Package: ltcaption 2021/01/08 v1.4c longtable captions (AR)
))
(d:/texlive/2026/texmf-dist/tex/latex/caption/subcaption.sty
Package: subcaption 2023/07/28 v1.6b Sub-captions (AR)
Package caption Info: New subtype `subfigure' on input line 238.
\c@subfigure=\count409
Package caption Info: New subtype `subtable' on input line 238.
\c@subtable=\count410
)
(d:/texlive/2026/texmf-dist/tex/latex/totcount/totcount.sty
Package: totcount 2011/01/25 v1.2 package for gettingthe total value of LaTeX c
ounters
)
(d:/texlive/2026/texmf-dist/tex/latex/totpages/totpages.sty
Package: totpages 2005/09/19 v2.00 Totpages Package (muewi)

(d:/texlive/2026/texmf-dist/tex/latex/everyshi/everyshi.sty
Package: everyshi 2020/11/18 v4.00 EveryShipout Package
))
(d:/texlive/2026/texmf-dist/tex/latex/xassoccnt/xassoccnt.sty
Package: xassoccnt 2021/11/21 - v2.0

(d:/texlive/2026/texmf-dist/tex/latex/letltxmacro/letltxmacro.sty
Package: letltxmacro 2019/12/03 v1.6 Let assignment for LaTeX macros (HO)
)
(d:/texlive/2026/texmf-dist/tex/latex/l3packages/l3keys2e/l3keys2e.sty
Package: l3keys2e 2025-10-09 LaTeX2e option processing using LaTeX3 keys
)
\g__xassoccnt_tmpa_int=\count411
\l__xassoccnt_tmpa_int=\count412
\l__xassoccnt_initialcountervalue_int=\count413
\g__xassoccnt_lastcountervalue_int=\count414
\g__xassoccnt_backupcalls_int=\count415
\l__xassoccnt_backuptmpa_int=\count416
\l_xassoccnt_resetlist_counter=\count417
)
Package xassoccnt Info: 2021/11/21-v2.0--steppingcounterssimultaneouslyandother
features on input line 248.


Package xassoccnt Warning: Warning: Package "calc" is loaded -- this is not
(xassoccnt)                recommended for xassoccnt
(xassoccnt)                

(d:/texlive/2026/texmf-dist/tex/latex/cleveref/cleveref.sty
Package: cleveref 2018/03/27 v0.21.4 Intelligent cross-referencing
Package cleveref Info: `hyperref' support loaded on input line 2370.
LaTeX Info: Redefining \cref on input line 2370.
LaTeX Info: Redefining \Cref on input line 2370.
LaTeX Info: Redefining \crefrange on input line 2370.
LaTeX Info: Redefining \Crefrange on input line 2370.
LaTeX Info: Redefining \cpageref on input line 2370.
LaTeX Info: Redefining \Cpageref on input line 2370.
LaTeX Info: Redefining \cpagerefrange on input line 2370.
LaTeX Info: Redefining \Cpagerefrange on input line 2370.
LaTeX Info: Redefining \labelcref on input line 2370.
LaTeX Info: Redefining \labelcpageref on input line 2370.
Package cleveref Info: `amsthm' support loaded on input line 3026.
)
==> First Aid for cleveref.sty applied!
) (./template_settings/Dissertation/dispackages.tex
(d:/texlive/2026/texmf-dist/tex/latex/tools/afterpage.sty
Package: afterpage 2023/07/04 v1.08 After-Page Package (DPC)
\AP@output=\toks58
\AP@partial=\box113
\AP@footins=\box114
))
(./template_settings/Dissertation/userpackages.tex
(d:/texlive/2026/texmf-dist/tex/latex/datatool/datatool-base.sty
Package: datatool-base 2025/12/04 v3.4.3 (NLCT)

(d:/texlive/2026/texmf-dist/tex/latex/xfor/xfor.sty
Package: xfor 2009/02/05 v1.05 (NLCT)
)
(d:/texlive/2026/texmf-dist/tex/latex/tracklang/tracklang.sty
Package: tracklang 2025/03/11 v1.6.6 (NLCT) Track Languages

(d:/texlive/2026/texmf-dist/tex/generic/tracklang/tracklang.tex)
Package tracklang Info: Tracking dialect `english' (language `english') on inpu
t line 264.
Package tracklang Info: Tracking dialect `russian' (language `russian') on inpu
t line 264.
Package tracklang Info: Tracking dialect `russian' (language `russian') on inpu
t line 264.
Package tracklang Info: Tracking dialect `english' (language `english') on inpu
t line 264.
)
\l__datatool_tmpa_int=\count418
\l__datatool_tmpb_int=\count419
\l__datatool_tmpc_int=\count420
\l__datatool_tmpd_int=\count421
\l__datatool_count_int=\count422
\l__datatool_tmp_datatype_int=\count423
\l__datatool_tmpa_dim=\dimen320
\l__datatool_tmpb_dim=\dimen321

(d:/texlive/2026/texmf-dist/tex/latex/datatool/datatool-l3fp.def
File: datatool-l3fp.def 2025/12/04 v3.4.3 (NLCT)
)
\@dtl@toks=\toks59
\@dtl@tmpcount=\count424
\dtl@tmplength=\skip271
\l__datatool_measure_box=\box115
\dtl@sortresult=\count425

(d:/texlive/2026/texmf-dist/tex/latex/datatool/datatool-utf8.ldf
File: datatool-utf8.ldf 2025/12/04 v3.4.3 (NLCT)
)
\@dtl@datatype=\count426
\c_datatool_unknown_int=\count427
\l__datatool_year_int=\count428
\l__datatool_month_int=\count429
\l__datatool_day_int=\count430
\l__datatool_hour_int=\count431
\l__datatool_minute_int=\count432
\l__datatool_second_int=\count433
\l__datatool_tzhour_int=\count434
\l__datatool_tzminute_int=\count435
\l__datatool_julian_int=\count436
\l__datatool_local_julian_int=\count437
\l__datatool_prefix_int=\count438
\l__datatool_suffix_int=\count439
\@dtl@foreach@level=\count440

(d:/texlive/2026/texmf-dist/tex/latex/datatool-english/datatool-english.ldf
File: datatool-english.ldf 2025/03/12 v1.1 (NLCT)

(d:/texlive/2026/texmf-dist/tex/latex/datatool-english/datatool-english-utf8.ld
f
File: datatool-english-utf8.ldf 2025/03/12 v1.1 (NLCT)
))

Package tracklang Warning: No `datatool' support for dialect `russian'  on inpu
t line 9924.

\dtl@codeA=\count441
\dtl@codeB=\count442
) (d:/texlive/2026/texmf-dist/tex/latex/mfirstuc/mfirstuc.sty
Package: mfirstuc 2025/04/03 v2.09 (NLCT)
\@glsmfirst=\toks60
\@glsmrest=\toks61
)
(d:/texlive/2026/texmf-dist/tex/latex/layouts/layouts.sty
Package: layouts 2009/09/02 v2.6d graphical depiction of document elements
\l@ylen=\skip272
\layoutsbox=\box116
\l@youtunitlength=\skip273
\l@youtlinethick=\skip274
\l@youtlinethickii=\skip275
\l@ysetupparskip=\skip276
\l@ysetupbaselineskip=\skip277
\l@yonem=\skip278
\l@yonex=\skip279
\l@ylmarg=\skip280
\l@yrmarg=\skip281
\l@yitmindent=\skip282
\l@ylblwidth=\skip283
\l@ylblsep=\skip284
\l@ylparindent=\skip285
\l@ytsep=\skip286
\l@ypskip=\skip287
\l@yptsep=\skip288
\l@ypsep=\skip289
\l@yitmsep=\skip290
\l@ytok=\toks62
\l@youtpw=\count443
\l@youtph=\count444
\l@youthpi=\count445
\l@youthpii=\count446
\l@youthpiii=\count447
\l@youthpiv=\count448
\l@youthpv=\count449
\l@youthpvi=\count450
\l@youthpvii=\count451
\l@youtparskip=\count452
\l@youtvpi=\count453
\l@youtvpii=\count454
\l@youtvpiii=\count455
\l@youtvpiv=\count456
\l@youtvpv=\count457
\l@youtvpvi=\count458
\l@youtvpvii=\count459
\l@youthdo=\count460
\l@youthdi=\count461
\l@youthdii=\count462
\l@youthdiii=\count463
\l@youthdiv=\count464
\l@youthdv=\count465
\l@youthdvi=\count466
\l@youthdvii=\count467
\l@youtvdo=\count468
\l@youtvdi=\count469
\l@youtvdii=\count470
\l@youtvdiii=\count471
\l@youtvdiv=\count472
\l@youtvdv=\count473
\l@youtvdvi=\count474
\l@youtvdvii=\count475
\l@youtvdviii=\count476
\l@youtxci=\count477
\l@youtxcii=\count478
\l@youtxciii=\count479
\l@youtxciv=\count480
\l@youtxcv=\count481
\l@youtxcvi=\count482
\l@youtyci=\count483
\l@youtycii=\count484
\l@youtyciii=\count485
\l@youtyciv=\count486
\l@youtycv=\count487
\l@youtycvi=\count488
\l@youtycvii=\count489
\l@youtycviii=\count490
\l@youtxco=\count491
\l@youtyco=\count492
\l@ytempdima=\skip291
)
(d:/texlive/2026/texmf-dist/tex/generic/ulem/ulem.sty
\UL@box=\box117
\UL@hyphenbox=\box118
\UL@skip=\skip292
\UL@hook=\toks63
\UL@height=\dimen322
\UL@pe=\count493
\UL@pixel=\dimen323
\ULC@box=\box119
Package: ulem 2019/11/18
\ULdepth=\dimen324
)
(d:/texlive/2026/texmf-dist/tex/latex/environ/environ.sty
Package: environ 2014/05/04 v0.3 A new way to define environments

(d:/texlive/2026/texmf-dist/tex/latex/trimspaces/trimspaces.sty
Package: trimspaces 2009/09/17 v1.1 Trim spaces around a token list
))
(d:/texlive/2026/texmf-dist/tex/latex/textcase/textcase.sty
Package: textcase 2025/02/16 v1.05 Text only upper/lower case changing (DPC)
Package textcase Info: Defining Legacy names on input line 20.
)
(d:/texlive/2026/texmf-dist/tex/latex/tabu/tabu.sty
Package: tabu 2019/01/11 v2.9 - flexible LaTeX tabulars (FC+tabu-fixed)

(d:/texlive/2026/texmf-dist/tex/latex/varwidth/varwidth.sty
Package: varwidth 2009/03/30 ver 0.92;  Variable-width minipages
\@vwid@box=\box120
\sift@deathcycles=\count494
\@vwid@loff=\dimen325
\@vwid@roff=\dimen326
)
==> First Aid for varwidth.sty applied!
\c@taburow=\count495
\tabu@nbcols=\count496
\tabu@cnt=\count497
\tabu@Xcol=\count498
\tabu@alloc=\count499
\tabu@nested=\count500
\tabu@target=\dimen327
\tabu@spreadtarget=\dimen328
\tabu@naturalX=\dimen329
\tabucolX=\dimen330
\tabu@Xsum=\dimen331
\extrarowdepth=\dimen332
\abovetabulinesep=\dimen333
\belowtabulinesep=\dimen334
\tabustrutrule=\dimen335
\tabu@thebody=\toks64
\tabu@footnotes=\toks65
\tabu@box=\box121
\tabu@arstrutbox=\box122
\tabu@hleads=\box123
\tabu@vleads=\box124
\tabu@cellskip=\skip293
) (d:/texlive/2026/texmf-dist/tex/latex/tabulary/tabulary.sty
Package: tabulary 2024/06/04 v0.11 tabulary package (DPC)
\TY@count=\count501
\TY@linewidth=\dimen336
\tymin=\dimen337
\tymax=\dimen338
\TY@tablewidth=\dimen339
)
(d:/texlive/2026/texmf-dist/tex/latex/floatrow/fr-longtable.sty
Package: fr-longtable 2007/11/28 v0.1b (beta) floatrow: additions for longtable

\flrow@LT@lasthead=\box125
\flrow@LT@prelastfoot=\box126
\c@FBLTpage=\count502
)
(d:/texlive/2026/texmf-dist/tex/latex/fancyvrb/fancyvrb.sty
Package: fancyvrb 2026/04/16 4.6a verbatim text (tvz,hv)
\FV@CodeLineNo=\count503
\FV@InFile=\read5
\FV@TabBox=\box127
\c@FancyVerbLine=\count504
\FV@StepNumber=\count505
\FV@OutFile=\write6
)
(d:/texlive/2026/texmf-dist/tex/latex/listings/listings.sty
\lst@mode=\count506
\lst@gtempboxa=\box128
\lst@token=\toks66
\lst@length=\count507
\lst@currlwidth=\dimen340
\lst@column=\count508
\lst@pos=\count509
\lst@lostspace=\dimen341
\lst@width=\dimen342
\lst@newlines=\count510
\lst@lineno=\count511
\lst@maxwidth=\dimen343

(d:/texlive/2026/texmf-dist/tex/latex/listings/lstpatch.sty
File: lstpatch.sty 2025/11/14 1.11b (Carsten Heinz)
)
(d:/texlive/2026/texmf-dist/tex/latex/listings/lstmisc.sty
File: lstmisc.sty 2025/11/14 1.11b (Carsten Heinz)
\c@lstnumber=\count512
\lst@skipnumbers=\count513
\lst@framebox=\box129
)
(d:/texlive/2026/texmf-dist/tex/latex/listings/listings.cfg
File: listings.cfg 2025/11/14 1.11b listings configuration
))
Package: listings 2025/11/14 1.11b (Carsten Heinz)

==> First Aid for listings.sty no longer applied!
    Expected:
        2024/09/23 1.10c (Carsten Heinz)
    but found:
        2025/11/14 1.11b (Carsten Heinz)
    so I'm assuming it got fixed.
(d:/texlive/2026/texmf-dist/tex/latex/was/upgreek.sty
Package: upgreek 2003/02/12 v2.0 (WaS)
Package upgreek Info: Using Euler Roman for upright Greek on input line 31.
\symugrf@m=\mathgroup14
LaTeX Font Info:    Overwriting symbol font `ugrf@m' in version `bold'
(Font)                  U/eur/m/n --> U/eur/b/n on input line 38.
LaTeX Font Info:    Redeclaring math symbol \upalpha on input line 40.
LaTeX Font Info:    Redeclaring math symbol \upbeta on input line 41.
LaTeX Font Info:    Redeclaring math symbol \upgamma on input line 42.
LaTeX Font Info:    Redeclaring math symbol \updelta on input line 43.
LaTeX Font Info:    Redeclaring math symbol \upepsilon on input line 44.
LaTeX Font Info:    Redeclaring math symbol \upzeta on input line 45.
LaTeX Font Info:    Redeclaring math symbol \upeta on input line 46.
LaTeX Font Info:    Redeclaring math symbol \uptheta on input line 47.
LaTeX Font Info:    Redeclaring math symbol \upiota on input line 48.
LaTeX Font Info:    Redeclaring math symbol \upkappa on input line 49.
LaTeX Font Info:    Redeclaring math symbol \uplambda on input line 50.
LaTeX Font Info:    Redeclaring math symbol \upmu on input line 51.
LaTeX Font Info:    Redeclaring math symbol \upnu on input line 52.
LaTeX Font Info:    Redeclaring math symbol \upxi on input line 53.
LaTeX Font Info:    Redeclaring math symbol \uprho on input line 55.
LaTeX Font Info:    Redeclaring math symbol \upsigma on input line 56.
LaTeX Font Info:    Redeclaring math symbol \uptau on input line 57.
LaTeX Font Info:    Redeclaring math symbol \upupsilon on input line 58.
LaTeX Font Info:    Redeclaring math symbol \upphi on input line 59.
LaTeX Font Info:    Redeclaring math symbol \upchi on input line 60.
LaTeX Font Info:    Redeclaring math symbol \uppsi on input line 61.
LaTeX Font Info:    Redeclaring math symbol \upomega on input line 62.
LaTeX Font Info:    Redeclaring math symbol \upvarepsilon on input line 63.
LaTeX Font Info:    Redeclaring math symbol \upvartheta on input line 64.
LaTeX Font Info:    Redeclaring math symbol \upvarpi on input line 65.
LaTeX Font Info:    Redeclaring math symbol \upvarphi on input line 68.
)
(d:/texlive/2026/texmf-dist/tex/latex/microtype/microtype.sty
Package: microtype 2026/03/01 v3.2d Micro-typographical refinements (RS)
\MT@toks=\toks67
\MT@tempbox=\box130
\MT@count=\count514
LaTeX Info: Redefining \noprotrusionifhmode on input line 1084.
LaTeX Info: Redefining \leftprotrusion on input line 1085.
\MT@prot@toks=\toks68
LaTeX Info: Redefining \rightprotrusion on input line 1104.
LaTeX Info: Redefining \textls on input line 1449.
\MT@outer@kern=\dimen344
LaTeX Info: Redefining \microtypecontext on input line 2053.
LaTeX Info: Redefining \textmicrotypecontext on input line 2070.
\MT@listname@count=\count515

(d:/texlive/2026/texmf-dist/tex/latex/microtype/microtype-pdftex.def
File: microtype-pdftex.def 2026/03/01 v3.2d Definitions specific to pdftex (RS)

LaTeX Info: Redefining \lsstyle on input line 944.
LaTeX Info: Redefining \lslig on input line 944.
\MT@outer@space=\skip294
)
Package microtype Info: Loading configuration file microtype.cfg.

(d:/texlive/2026/texmf-dist/tex/latex/microtype/microtype.cfg
File: microtype.cfg 2026/03/01 v3.2d microtype main configuration file (RS)
)
LaTeX Info: Redefining \microtypesetup on input line 3065.
))
(./template_settings/Dissertation/setup.tex
\c@intvl=\count516
\c@otstup=\count517
\c@contnumeq=\count518
\c@contnumfig=\count519
\c@contnumtab=\count520
\c@pgnum=\count521
\c@chapstyle=\count522
\c@headingdelim=\count523
\c@headingalign=\count524
\c@headingsize=\count525
\c@tabcap=\count526
\c@tablaba=\count527
\c@tabtita=\count528
\c@docType=\count529
\c@tskPrint=\count530
\c@tskPages=\count531
\c@tskPageFirst=\count532
\c@tskPageLast=\count533
\c@sumPrint=\count534
\c@sumPages=\count535
\c@sumPageFirst=\count536
\c@sumPageLast=\count537
)
(./template_settings/Dissertation/preamblenames.tex)
(./template_settings/common/styles.tex
\mfloatsep=\skip295
\ltskip=\skip296

(d:/texlive/2026/texmf-dist/tex/latex/adjustbox/adjustbox.sty
Package: adjustbox 2025/02/26 v1.3c Adjusting TeX boxes (trim, clip, ...)

(d:/texlive/2026/texmf-dist/tex/latex/adjustbox/adjcalc.sty
Package: adjcalc 2012/05/16 v1.1 Provides advanced setlength with multiple back
-ends (calc, etex, pgfmath)
)
(d:/texlive/2026/texmf-dist/tex/latex/adjustbox/trimclip.sty
Package: trimclip 2025/02/21 v1.2a Trim and clip general TeX material

(d:/texlive/2026/texmf-dist/tex/latex/collectbox/collectbox.sty
Package: collectbox 2022/10/17 v0.4c Collect macro arguments as boxes
\collectedbox=\box131
)
\tc@llx=\dimen345
\tc@lly=\dimen346
\tc@urx=\dimen347
\tc@ury=\dimen348
Package trimclip Info: Using driver 'tc-pdftex.def'.

(d:/texlive/2026/texmf-dist/tex/latex/adjustbox/tc-pdftex.def
File: tc-pdftex.def 2025/02/26 v2.3 Clipping driver for pdftex
))
\adjbox@Width=\dimen349
\adjbox@Height=\dimen350
\adjbox@Depth=\dimen351
\adjbox@Totalheight=\dimen352
\adjbox@pwidth=\dimen353
\adjbox@pheight=\dimen354
\adjbox@pdepth=\dimen355
\adjbox@ptotalheight=\dimen356

(d:/texlive/2026/texmf-dist/tex/latex/ifoddpage/ifoddpage.sty
Package: ifoddpage 2022/10/18 v1.2 Conditionals for odd/even page detection
\c@checkoddpage=\count538
LaTeX Info: Redefining \checkoddpage on input line 45.
))
Package hyperref Info: Option `linktocpage' set `true' on input line 188.
Package hyperref Info: Option `plainpages' set `false' on input line 188.


Package hyperref Warning: Option `bookmarks' has already been used,
(hyperref)                setting the option has no effect on input line 188.

Package hyperref Info: Option `bookmarksnumbered' set `true' on input line 188.

Package hyperref Info: Option `bookmarksopen' set `true' on input line 188.
\c@m-theorem=\count539
\c@m-corollary=\count540
\c@m-proposition=\count541
\c@m-lemma=\count542
\c@m-axiom=\count543
\c@m-example=\count544
\c@m-definition=\count545
\c@m-condition=\count546
\c@m-problem=\count547
\c@m-exercise=\count548
\c@m-question=\count549
\c@m-hypothesis=\count550
\c@m-task=\count551
) (./template_settings/Dissertation/disstyles.tex
\otstuplen=\skip297

(d:/texlive/2026/texmf-dist/tex/latex/placeins/placeins.sty
Package: placeins 2005/04/18  v 2.2
)
\c@mychapternumber=\count552
\c@chapterDOI=\count553
\c@mytotalfigures=\count554
\c@xassoccnt@total@mytotalfigures=\count555
\c@mytotalfiguresInApp=\count556
\c@xassoccnt@total@mytotalfiguresInApp=\count557
\c@mytotaltables=\count558
\c@xassoccnt@total@mytotaltables=\count559
\c@mytotaltablesInApp=\count560
\c@xassoccnt@total@mytotaltablesInApp=\count561
\c@myappendices=\count562
\c@xassoccnt@total@myappendices=\count563
\c@mypages=\count564
\c@mytotalpagesInApp=\count565
\c@myfigures=\count566
\c@mytables=\count567
\c@citenum=\count568
\c@citenum@totc=\count569

(d:/texlive/2026/texmf-dist/tex/latex/algorithm2e/algorithm2e.sty
Package: algorithm2e 2017/07/18 v5.2 algorithms environments
\c@AlgoLine=\count570
\algocf@hangindent=\skip298

(d:/texlive/2026/texmf-dist/tex/latex/tools/xspace.sty
Package: xspace 2014/10/28 v1.13 Space after command names (DPC,MH)
)
(d:/texlive/2026/texmf-dist/tex/latex/relsize/relsize.sty
Package: relsize 2013/03/29 ver 4.1
)
\skiptotal=\skip299
\skiplinenumber=\skip300
\skiprule=\skip301
\skiphlne=\skip302
\skiptext=\skip303
\skiplength=\skip304
\algomargin=\skip305
\skipalgocfslide=\skip306
\algowidth=\dimen357
\inoutsize=\dimen358
\inoutindent=\dimen359
\interspacetitleruled=\dimen360
\interspacealgoruled=\dimen361
\interspacetitleboxruled=\dimen362
\algocf@ruledwidth=\skip307
\algocf@inoutbox=\box132
\algocf@inputbox=\box133
\AlCapSkip=\skip308
\AlCapHSkip=\skip309
\algoskipindent=\skip310
\algocf@nlbox=\box134
\algocf@hangingbox=\box135
\algocf@untilbox=\box136
\algocf@skipuntil=\skip311
\algocf@capbox=\box137
\algocf@lcaptionbox=\skip312
\algoheightruledefault=\skip313
\algoheightrule=\skip314
\algotitleheightruledefault=\skip315
\algotitleheightrule=\skip316
\c@algocfline=\count571
\c@algocfproc=\count572
\c@algocf=\count573
\algocf@algoframe=\box138
\algocf@algobox=\box139
))
(./template_settings/Dissertation/userstyles.tex
\twless=\skip317
\lmarg=\skip318
\c@ListingEnv=\count574
\c@loldepth=\count575
\c@rowcnt=\count576
)
(./template_settings/biblio/bibliopreamble.tex
(./template_settings/biblio/biblatex.tex
(d:/texlive/2026/texmf-dist/tex/latex/biblatex/biblatex.sty
Package: biblatex 2025/07/10 v3.21 programmable bibliographies (PK/MW)

(d:/texlive/2026/texmf-dist/tex/latex/logreq/logreq.sty
Package: logreq 2010/08/04 v1.0 xml request logger
\lrq@indent=\count577

(d:/texlive/2026/texmf-dist/tex/latex/logreq/logreq.def
File: logreq.def 2010/08/04 v1.0 logreq spec v1.0
))
\c@tabx@nest=\count578
\c@listtotal=\count579
\c@listcount=\count580
\c@liststart=\count581
\c@liststop=\count582
\c@citecount=\count583
\c@citetotal=\count584
\c@multicitecount=\count585
\c@multicitetotal=\count586
\c@instcount=\count587
\c@maxnames=\count588
\c@minnames=\count589
\c@maxitems=\count590
\c@minitems=\count591
\c@citecounter=\count592
\c@maxcitecounter=\count593
\c@savedcitecounter=\count594
\c@uniquelist=\count595
\c@uniquename=\count596
\c@refsection=\count597
\c@refsegment=\count598
\c@maxextratitle=\count599
\c@maxextratitleyear=\count600
\c@maxextraname=\count601
\c@maxextradate=\count602
\c@maxextraalpha=\count603
\c@abbrvpenalty=\count604
\c@highnamepenalty=\count605
\c@lownamepenalty=\count606
\c@maxparens=\count607
\c@parenlevel=\count608
\blx@tempcnta=\count609
\blx@tempcntb=\count610
\blx@tempcntc=\count611
\c@blx@maxsection=\count612
\blx@maxsegment@0=\count613
\blx@notetype=\count614
\blx@parenlevel@text=\count615
\blx@parenlevel@foot=\count616
\blx@sectionciteorder@0=\count617
\blx@sectionciteorderinternal@0=\count618
\blx@entrysetcounter=\count619
\blx@biblioinstance=\count620
\labelnumberwidth=\skip319
\labelalphawidth=\skip320
\biblabelsep=\skip321
\bibnamesep=\skip322
\bibinitsep=\skip323
\bibparsep=\skip324
\bibhang=\skip325
\blx@bcfin=\read6
\blx@bcfout=\write7
\blx@langwohyphens=\language92
\c@mincomprange=\count621
\c@maxcomprange=\count622
\c@mincompwidth=\count623
Package biblatex Info: Trying to load biblatex default data model...
Package biblatex Info: ... file 'blx-dm.def' found.

(d:/texlive/2026/texmf-dist/tex/latex/biblatex/blx-dm.def
File: blx-dm.def 2025/07/10 v3.21 biblatex datamodel (PK/MW)
)
Package biblatex Info: Trying to load biblatex style data model...
Package biblatex Info: ... file 'gost-numeric.dbx' found.

(d:/texlive/2026/texmf-dist/tex/latex/biblatex-gost/gost-numeric.dbx
File: gost-numeric.dbx 2023/04/25 v1.24 biblatex-gost data model
Package biblatex Info: Trying to load biblatex-gost data model...
Package biblatex Info: ... file 'biblatex-gost.dbx' found.

(d:/texlive/2026/texmf-dist/tex/latex/biblatex-gost/biblatex-gost.dbx
File: biblatex-gost.dbx 2023/04/25 v1.24 biblatex-gost data model
))
Package biblatex Info: Trying to load biblatex custom data model...
Package biblatex Info: ... file 'biblatex-dm.cfg' not found.
\c@afterword=\count624
\c@savedafterword=\count625
\c@annotator=\count626
\c@savedannotator=\count627
\c@author=\count628
\c@savedauthor=\count629
\c@bookauthor=\count630
\c@savedbookauthor=\count631
\c@commentator=\count632
\c@savedcommentator=\count633
\c@editor=\count634
\c@savededitor=\count635
\c@editora=\count636
\c@savededitora=\count637
\c@editorb=\count638
\c@savededitorb=\count639
\c@editorc=\count640
\c@savededitorc=\count641
\c@foreword=\count642
\c@savedforeword=\count643
\c@holder=\count644
\c@savedholder=\count645
\c@introduction=\count646
\c@savedintroduction=\count647
\c@namea=\count648
\c@savednamea=\count649
\c@nameb=\count650
\c@savednameb=\count651
\c@namec=\count652
\c@savednamec=\count653
\c@translator=\count654
\c@savedtranslator=\count655
\c@shortauthor=\count656
\c@savedshortauthor=\count657
\c@shorteditor=\count658
\c@savedshorteditor=\count659
\c@booktranslator=\count660
\c@savedbooktranslator=\count661
\c@bookcommentator=\count662
\c@savedbookcommentator=\count663
\c@bookannotator=\count664
\c@savedbookannotator=\count665
\c@bookintroduction=\count666
\c@savedbookintroduction=\count667
\c@bookforeword=\count668
\c@savedbookforeword=\count669
\c@bookafterword=\count670
\c@savedbookafterword=\count671
\c@labelname=\count672
\c@savedlabelname=\count673
\c@institution=\count674
\c@savedinstitution=\count675
\c@lista=\count676
\c@savedlista=\count677
\c@listb=\count678
\c@savedlistb=\count679
\c@listc=\count680
\c@savedlistc=\count681
\c@listd=\count682
\c@savedlistd=\count683
\c@liste=\count684
\c@savedliste=\count685
\c@listf=\count686
\c@savedlistf=\count687
\c@location=\count688
\c@savedlocation=\count689
\c@organization=\count690
\c@savedorganization=\count691
\c@origlocation=\count692
\c@savedoriglocation=\count693
\c@origpublisher=\count694
\c@savedorigpublisher=\count695
\c@publisher=\count696
\c@savedpublisher=\count697
\c@language=\count698
\c@savedlanguage=\count699
\c@origlanguage=\count700
\c@savedoriglanguage=\count701
\c@bookoriglanguage=\count702
\c@savedbookoriglanguage=\count703
\c@specdata=\count704
\c@savedspecdata=\count705
\c@credits=\count706
\c@savedcredits=\count707
\c@bookcredits=\count708
\c@savedbookcredits=\count709
\c@editioncredits=\count710
\c@savededitioncredits=\count711
\c@pageref=\count712
\c@savedpageref=\count713
\shorthandwidth=\skip326
\shortjournalwidth=\skip327
\shortserieswidth=\skip328
\shorttitlewidth=\skip329
\shortauthorwidth=\skip330
\shorteditorwidth=\skip331
\locallabelnumberwidth=\skip332
\locallabelalphawidth=\skip333
\localshorthandwidth=\skip334
\localshortjournalwidth=\skip335
\localshortserieswidth=\skip336
\localshorttitlewidth=\skip337
\localshortauthorwidth=\skip338
\localshorteditorwidth=\skip339
Package biblatex Info: Trying to load compatibility code...
Package biblatex Info: ... file 'blx-compat.def' found.

(d:/texlive/2026/texmf-dist/tex/latex/biblatex/blx-compat.def
File: blx-compat.def 2025/07/10 v3.21 biblatex compatibility (PK/MW)
)
Package biblatex Info: Trying to load generic definitions...
Package biblatex Info: ... file 'biblatex.def' found.

(d:/texlive/2026/texmf-dist/tex/latex/biblatex/biblatex.def
File: biblatex.def 2025/07/10 v3.21 biblatex compatibility (PK/MW)
\c@textcitecount=\count714
\c@textcitetotal=\count715
\c@textcitemaxnames=\count716
\c@biburlbigbreakpenalty=\count717
\c@biburlbreakpenalty=\count718
\c@biburlnumpenalty=\count719
\c@biburlucpenalty=\count720
\c@biburllcpenalty=\count721
\biburlbigskip=\muskip19
\biburlnumskip=\muskip20
\biburlucskip=\muskip21
\biburllcskip=\muskip22
\c@smartand=\count722
)
Package biblatex Info: Trying to load bibliography style 'gost-numeric'...
Package biblatex Info: ... file 'gost-numeric.bbx' found.

(d:/texlive/2026/texmf-dist/tex/latex/biblatex-gost/gost-numeric.bbx
File: gost-numeric.bbx 2023/04/25 v1.24 biblatex-gost styles
Package biblatex Info: Trying to load bibliography style 'gost-standard'...
Package biblatex Info: ... file 'gost-standard.bbx' found.

(d:/texlive/2026/texmf-dist/tex/latex/biblatex-gost/gost-standard.bbx
File: gost-standard.bbx 2023/04/25 v1.24 biblatex-gost styles
Package biblatex Info: Trying to load biblatex-gost generic definitions...
Package biblatex Info: ... file 'biblatex-gost.def' found.

(d:/texlive/2026/texmf-dist/tex/latex/biblatex-gost/biblatex-gost.def
File: biblatex-gost.def 2023/04/25 v1.24 biblatex-gost styles
)
\c@blx@gost@pointer=\count723
\c@bbx:relatedcount=\count724
\c@bbx:relatedtotal=\count725
Package biblatex Info: Redefining autocite command 'footnote'.
Package biblatex Info: Redefining autocite command 'superscript'.
))
Package biblatex Info: Trying to load citation style 'gost-numeric'...
Package biblatex Info: ... file 'gost-numeric.cbx' found.

(d:/texlive/2026/texmf-dist/tex/latex/biblatex-gost/gost-numeric.cbx
File: gost-numeric.cbx 2023/04/25 v1.24 biblatex-gost styles
Package biblatex Info: Trying to load citation style 'numeric-comp'...
Package biblatex Info: ... file 'numeric-comp.cbx' found.

(d:/texlive/2026/texmf-dist/tex/latex/biblatex/cbx/numeric-comp.cbx
File: numeric-comp.cbx 2025/07/10 v3.21 biblatex citation style (PK/MW)
\c@cbx@tempcnta=\count726
\c@cbx@tempcntb=\count727
\c@cbx@tempcntc=\count728
\c@cbx@tempcntd=\count729
Package biblatex Info: Redefining '\cite'.
Package biblatex Info: Redefining '\parencite'.
Package biblatex Info: Redefining '\footcite'.
Package biblatex Info: Redefining '\footcitetext'.
Package biblatex Info: Redefining '\smartcite'.
Package biblatex Info: Redefining '\supercite'.
Package biblatex Info: Redefining '\textcite'.
Package biblatex Info: Redefining '\textcites'.
Package biblatex Info: Redefining '\cites'.
Package biblatex Info: Redefining '\parencites'.
Package biblatex Info: Redefining '\smartcites'.
))
Package biblatex Info: Trying to load configuration file...
Package biblatex Info: ... file 'biblatex.cfg' found.

(d:/texlive/2026/texmf-dist/tex/latex/biblatex/biblatex.cfg
File: biblatex.cfg 
)

Package biblatex Warning: 'babel' option is deprecated.
(biblatex)                Please use 'autolang' instead.

Package biblatex Info: Input encoding 'utf8' detected.
Package biblatex Info: Document encoding is UTF8 ....
Package biblatex Info: ... and expl3
(biblatex)             2026-03-20 L3 programming layer (loader) 
(biblatex)             is new enough (at least 2020/04/06),
(biblatex)             setting 'casechanger=expl3'.
(d:/texlive/2026/texmf-dist/tex/latex/biblatex/blx-case-expl3.sty
Package: blx-case-expl3 2025/07/10 v3.21 expl3 case changing code for biblatex
))

Package biblatex Warning: Macro 'chapter+pages' already defined.
(biblatex)                Using \renewbibmacro on input line 435.

)) (./template_settings/Dissertation/inclusioncontrol.tex)
(./template_settings/common/TO-DO-list.tex)) (./my_folder/my_settings.tex
(d:/texlive/2026/texmf-dist/tex/latex/datetime/datetime.sty
Package: datetime 2015/03/20 v2.60 Date Time Package

(d:/texlive/2026/texmf-dist/tex/latex/fmtcount/fmtcount.sty
Package: fmtcount 2025/12/02 v3.12 Displaying the values of LaTeX counters (NT,
VB,NE)

(d:/texlive/2026/texmf-dist/tex/latex/fmtcount/fcprefix.sty
Package: fcprefix 2012/09/28

(d:/texlive/2026/texmf-dist/tex/latex/fmtcount/fcnumparser.sty
Package: fcnumparser 2017/06/15
\fc@digit@counter=\count730
))
\c@padzeroesN=\count731
\fc@tmpcatcode=\count732

(d:/texlive/2026/texmf-dist/tex/latex/fmtcount/fc-english.def
File: fc-english.def 2016/01/12
)
\@DT@modctr=\count733
\@ordinalctr=\count734
\@orgargctr=\count735
\@strctr=\count736
\@tmpstrctr=\count737
\@DT@loopN=\count738
\@DT@X=\count739
)
(d:/texlive/2026/texmf-dist/tex/latex/datetime/datetime-defaults.sty
Package: datetime-defaults 2013/09/10
)
\@day=\count740
\@month=\count741
\@year=\count742
\c@HOUR=\count743
\c@HOURXII=\count744
\c@MINUTE=\count745
\c@TOHOUR=\count746
\c@TOMINUTE=\count747
\c@SECOND=\count748
\currenthour=\count749
\currentminute=\count750
\currentsecond=\count751
Package datetime Info: No datetime.cfg file found, using default settings on in
put line 308.
\@dtctr=\count752
\dayofyear=\count753
\dayofweek=\count754
LaTeX Info: Redefining \today on input line 736.

(d:/texlive/2026/texmf-dist/tex/latex/datetime/dt-russian.def
File: dt-russian.def 2013/09/10
LaTeX Info: Redefining \daterussian on input line 64.
)
\dt@a=\toks69
\dt@b=\toks70
)
(d:/texlive/2026/texmf-dist/tex/latex/pgf/frontendlayer/tikz.sty
(d:/texlive/2026/texmf-dist/tex/latex/pgf/basiclayer/pgf.sty
(d:/texlive/2026/texmf-dist/tex/latex/pgf/utilities/pgfrcs.sty
(d:/texlive/2026/texmf-dist/tex/generic/pgf/utilities/pgfutil-common.tex
\pgfutil@everybye=\toks71
\pgfutil@tempdima=\dimen363
\pgfutil@tempdimb=\dimen364
)
(d:/texlive/2026/texmf-dist/tex/generic/pgf/utilities/pgfutil-latex.def
\pgfutil@abb=\box140
)
(d:/texlive/2026/texmf-dist/tex/generic/pgf/utilities/pgfrcs.code.tex
(d:/texlive/2026/texmf-dist/tex/generic/pgf/pgf.revision.tex)
Package: pgfrcs 2025-08-29 v3.1.11a (3.1.11a)
))
Package: pgf 2025-08-29 v3.1.11a (3.1.11a)

(d:/texlive/2026/texmf-dist/tex/latex/pgf/basiclayer/pgfcore.sty
(d:/texlive/2026/texmf-dist/tex/latex/pgf/systemlayer/pgfsys.sty
(d:/texlive/2026/texmf-dist/tex/generic/pgf/systemlayer/pgfsys.code.tex
Package: pgfsys 2025-08-29 v3.1.11a (3.1.11a)

(d:/texlive/2026/texmf-dist/tex/generic/pgf/utilities/pgfkeys.code.tex
\pgfkeys@pathtoks=\toks72
\pgfkeys@temptoks=\toks73

(d:/texlive/2026/texmf-dist/tex/generic/pgf/utilities/pgfkeyslibraryfiltered.co
de.tex
\pgfkeys@tmptoks=\toks74
))
\pgf@x=\dimen365
\pgf@y=\dimen366
\pgf@xa=\dimen367
\pgf@ya=\dimen368
\pgf@xb=\dimen369
\pgf@yb=\dimen370
\pgf@xc=\dimen371
\pgf@yc=\dimen372
\pgf@xd=\dimen373
\pgf@yd=\dimen374
\w@pgf@writea=\write8
\r@pgf@reada=\read7
\c@pgf@counta=\count755
\c@pgf@countb=\count756
\c@pgf@countc=\count757
\c@pgf@countd=\count758
\t@pgf@toka=\toks75
\t@pgf@tokb=\toks76
\t@pgf@tokc=\toks77
\pgf@sys@id@count=\count759
 (d:/texlive/2026/texmf-dist/tex/generic/pgf/systemlayer/pgf.cfg
File: pgf.cfg 2025-08-29 v3.1.11a (3.1.11a)
)
Driver file for pgf: pgfsys-pdftex.def

(d:/texlive/2026/texmf-dist/tex/generic/pgf/systemlayer/pgfsys-pdftex.def
File: pgfsys-pdftex.def 2025-08-29 v3.1.11a (3.1.11a)

(d:/texlive/2026/texmf-dist/tex/generic/pgf/systemlayer/pgfsys-common-pdf.def
File: pgfsys-common-pdf.def 2025-08-29 v3.1.11a (3.1.11a)
)))
(d:/texlive/2026/texmf-dist/tex/generic/pgf/systemlayer/pgfsyssoftpath.code.tex
File: pgfsyssoftpath.code.tex 2025-08-29 v3.1.11a (3.1.11a)
\pgfsyssoftpath@smallbuffer@items=\count760
\pgfsyssoftpath@bigbuffer@items=\count761
)
(d:/texlive/2026/texmf-dist/tex/generic/pgf/systemlayer/pgfsysprotocol.code.tex
File: pgfsysprotocol.code.tex 2025-08-29 v3.1.11a (3.1.11a)
)) (d:/texlive/2026/texmf-dist/tex/generic/pgf/basiclayer/pgfcore.code.tex
Package: pgfcore 2025-08-29 v3.1.11a (3.1.11a)

(d:/texlive/2026/texmf-dist/tex/generic/pgf/math/pgfmath.code.tex
(d:/texlive/2026/texmf-dist/tex/generic/pgf/math/pgfmathutil.code.tex)
(d:/texlive/2026/texmf-dist/tex/generic/pgf/math/pgfmathparser.code.tex
\pgfmath@dimen=\dimen375
\pgfmath@count=\count762
\pgfmath@box=\box141
\pgfmath@toks=\toks78
\pgfmath@stack@operand=\toks79
\pgfmath@stack@operation=\toks80
)
(d:/texlive/2026/texmf-dist/tex/generic/pgf/math/pgfmathfunctions.code.tex)
(d:/texlive/2026/texmf-dist/tex/generic/pgf/math/pgfmathfunctions.basic.code.te
x)
(d:/texlive/2026/texmf-dist/tex/generic/pgf/math/pgfmathfunctions.trigonometric
.code.tex)
(d:/texlive/2026/texmf-dist/tex/generic/pgf/math/pgfmathfunctions.random.code.t
ex)
(d:/texlive/2026/texmf-dist/tex/generic/pgf/math/pgfmathfunctions.comparison.co
de.tex)
(d:/texlive/2026/texmf-dist/tex/generic/pgf/math/pgfmathfunctions.base.code.tex
)
(d:/texlive/2026/texmf-dist/tex/generic/pgf/math/pgfmathfunctions.round.code.te
x)
(d:/texlive/2026/texmf-dist/tex/generic/pgf/math/pgfmathfunctions.misc.code.tex
)
(d:/texlive/2026/texmf-dist/tex/generic/pgf/math/pgfmathfunctions.integerarithm
etics.code.tex)
(d:/texlive/2026/texmf-dist/tex/generic/pgf/math/pgfmathcalc.code.tex)
(d:/texlive/2026/texmf-dist/tex/generic/pgf/math/pgfmathfloat.code.tex
\c@pgfmathroundto@lastzeros=\count763
))
(d:/texlive/2026/texmf-dist/tex/generic/pgf/math/pgfint.code.tex)
(d:/texlive/2026/texmf-dist/tex/generic/pgf/basiclayer/pgfcorepoints.code.tex
File: pgfcorepoints.code.tex 2025-08-29 v3.1.11a (3.1.11a)
\pgf@picminx=\dimen376
\pgf@picmaxx=\dimen377
\pgf@picminy=\dimen378
\pgf@picmaxy=\dimen379
\pgf@pathminx=\dimen380
\pgf@pathmaxx=\dimen381
\pgf@pathminy=\dimen382
\pgf@pathmaxy=\dimen383
\pgf@xx=\dimen384
\pgf@xy=\dimen385
\pgf@yx=\dimen386
\pgf@yy=\dimen387
\pgf@zx=\dimen388
\pgf@zy=\dimen389
)
(d:/texlive/2026/texmf-dist/tex/generic/pgf/basiclayer/pgfcorepathconstruct.cod
e.tex
File: pgfcorepathconstruct.code.tex 2025-08-29 v3.1.11a (3.1.11a)
\pgf@path@lastx=\dimen390
\pgf@path@lasty=\dimen391
)
(d:/texlive/2026/texmf-dist/tex/generic/pgf/basiclayer/pgfcorepathusage.code.te
x
File: pgfcorepathusage.code.tex 2025-08-29 v3.1.11a (3.1.11a)
\pgf@shorten@end@additional=\dimen392
\pgf@shorten@start@additional=\dimen393
)
(d:/texlive/2026/texmf-dist/tex/generic/pgf/basiclayer/pgfcorescopes.code.tex
File: pgfcorescopes.code.tex 2025-08-29 v3.1.11a (3.1.11a)
\pgfpic=\box142
\pgf@hbox=\box143
\pgf@layerbox@main=\box144
\pgf@picture@serial@count=\count764
)
(d:/texlive/2026/texmf-dist/tex/generic/pgf/basiclayer/pgfcoregraphicstate.code
.tex
File: pgfcoregraphicstate.code.tex 2025-08-29 v3.1.11a (3.1.11a)
\pgflinewidth=\dimen394
)
(d:/texlive/2026/texmf-dist/tex/generic/pgf/basiclayer/pgfcoretransformations.c
ode.tex
File: pgfcoretransformations.code.tex 2025-08-29 v3.1.11a (3.1.11a)
\pgf@pt@x=\dimen395
\pgf@pt@y=\dimen396
\pgf@pt@temp=\dimen397
)
(d:/texlive/2026/texmf-dist/tex/generic/pgf/basiclayer/pgfcorequick.code.tex
File: pgfcorequick.code.tex 2025-08-29 v3.1.11a (3.1.11a)
)
(d:/texlive/2026/texmf-dist/tex/generic/pgf/basiclayer/pgfcoreobjects.code.tex
File: pgfcoreobjects.code.tex 2025-08-29 v3.1.11a (3.1.11a)
)
(d:/texlive/2026/texmf-dist/tex/generic/pgf/basiclayer/pgfcorepathprocessing.co
de.tex
File: pgfcorepathprocessing.code.tex 2025-08-29 v3.1.11a (3.1.11a)
)
(d:/texlive/2026/texmf-dist/tex/generic/pgf/basiclayer/pgfcorearrows.code.tex
File: pgfcorearrows.code.tex 2025-08-29 v3.1.11a (3.1.11a)
\pgfarrowsep=\dimen398
)
(d:/texlive/2026/texmf-dist/tex/generic/pgf/basiclayer/pgfcoreshade.code.tex
File: pgfcoreshade.code.tex 2025-08-29 v3.1.11a (3.1.11a)
\pgf@max=\dimen399
\pgf@sys@shading@range@num=\count765
\pgf@shadingcount=\count766
)
(d:/texlive/2026/texmf-dist/tex/generic/pgf/basiclayer/pgfcoreimage.code.tex
File: pgfcoreimage.code.tex 2025-08-29 v3.1.11a (3.1.11a)
)
(d:/texlive/2026/texmf-dist/tex/generic/pgf/basiclayer/pgfcoreexternal.code.tex
File: pgfcoreexternal.code.tex 2025-08-29 v3.1.11a (3.1.11a)
\pgfexternal@startupbox=\box145
) (d:/texlive/2026/texmf-dist/tex/generic/pgf/basiclayer/pgfcorelayers.code.tex
File: pgfcorelayers.code.tex 2025-08-29 v3.1.11a (3.1.11a)
)
(d:/texlive/2026/texmf-dist/tex/generic/pgf/basiclayer/pgfcoretransparency.code
.tex
File: pgfcoretransparency.code.tex 2025-08-29 v3.1.11a (3.1.11a)
)
(d:/texlive/2026/texmf-dist/tex/generic/pgf/basiclayer/pgfcorepatterns.code.tex
File: pgfcorepatterns.code.tex 2025-08-29 v3.1.11a (3.1.11a)
) (d:/texlive/2026/texmf-dist/tex/generic/pgf/basiclayer/pgfcorerdf.code.tex
File: pgfcorerdf.code.tex 2025-08-29 v3.1.11a (3.1.11a)
))) (d:/texlive/2026/texmf-dist/tex/generic/pgf/modules/pgfmoduleshapes.code.te
x
File: pgfmoduleshapes.code.tex 2025-08-29 v3.1.11a (3.1.11a)
\pgfnodeparttextbox=\box146
)
(d:/texlive/2026/texmf-dist/tex/generic/pgf/modules/pgfmoduleplot.code.tex
File: pgfmoduleplot.code.tex 2025-08-29 v3.1.11a (3.1.11a)
)
(d:/texlive/2026/texmf-dist/tex/latex/pgf/compatibility/pgfcomp-version-0-65.st
y
Package: pgfcomp-version-0-65 2025-08-29 v3.1.11a (3.1.11a)
\pgf@nodesepstart=\dimen400
\pgf@nodesepend=\dimen401
)
(d:/texlive/2026/texmf-dist/tex/latex/pgf/compatibility/pgfcomp-version-1-18.st
y
Package: pgfcomp-version-1-18 2025-08-29 v3.1.11a (3.1.11a)
)) (d:/texlive/2026/texmf-dist/tex/latex/pgf/utilities/pgffor.sty
(d:/texlive/2026/texmf-dist/tex/latex/pgf/utilities/pgfkeys.sty
(d:/texlive/2026/texmf-dist/tex/generic/pgf/utilities/pgfkeys.code.tex))
(d:/texlive/2026/texmf-dist/tex/latex/pgf/math/pgfmath.sty
(d:/texlive/2026/texmf-dist/tex/generic/pgf/math/pgfmath.code.tex))
(d:/texlive/2026/texmf-dist/tex/generic/pgf/utilities/pgffor.code.tex
Package: pgffor 2025-08-29 v3.1.11a (3.1.11a)
\pgffor@iter=\dimen402
\pgffor@skip=\dimen403
\pgffor@stack=\toks81
\pgffor@toks=\toks82
))
(d:/texlive/2026/texmf-dist/tex/generic/pgf/frontendlayer/tikz/tikz.code.tex
Package: tikz 2025-08-29 v3.1.11a (3.1.11a)

(d:/texlive/2026/texmf-dist/tex/generic/pgf/libraries/pgflibraryplothandlers.co
de.tex
File: pgflibraryplothandlers.code.tex 2025-08-29 v3.1.11a (3.1.11a)
\pgf@plot@mark@count=\count767
\pgfplotmarksize=\dimen404
)
\tikz@lastx=\dimen405
\tikz@lasty=\dimen406
\tikz@lastxsaved=\dimen407
\tikz@lastysaved=\dimen408
\tikz@lastmovetox=\dimen409
\tikz@lastmovetoy=\dimen410
\tikzleveldistance=\dimen411
\tikzsiblingdistance=\dimen412
\tikz@figbox=\box147
\tikz@figbox@bg=\box148
\tikz@tempbox=\box149
\tikz@tempbox@bg=\box150
\tikztreelevel=\count768
\tikznumberofchildren=\count769
\tikznumberofcurrentchild=\count770
\tikz@fig@count=\count771

(d:/texlive/2026/texmf-dist/tex/generic/pgf/modules/pgfmodulematrix.code.tex
File: pgfmodulematrix.code.tex 2025-08-29 v3.1.11a (3.1.11a)
\pgfmatrixcurrentrow=\count772
\pgfmatrixcurrentcolumn=\count773
\pgf@matrix@numberofcolumns=\count774
)
\tikz@expandcount=\count775

(d:/texlive/2026/texmf-dist/tex/generic/pgf/frontendlayer/tikz/libraries/tikzli
brarytopaths.code.tex
File: tikzlibrarytopaths.code.tex 2025-08-29 v3.1.11a (3.1.11a)
)))
(d:/texlive/2026/texmf-dist/tex/generic/pgf/libraries/pgflibraryarrows.meta.cod
e.tex
File: pgflibraryarrows.meta.code.tex 2025-08-29 v3.1.11a (3.1.11a)
\pgfarrowinset=\dimen413
\pgfarrowlength=\dimen414
\pgfarrowwidth=\dimen415
\pgfarrowlinewidth=\dimen416
)
(d:/texlive/2026/texmf-dist/tex/generic/pgf/frontendlayer/tikz/libraries/tikzli
brarypositioning.code.tex
File: tikzlibrarypositioning.code.tex 2025-08-29 v3.1.11a (3.1.11a)
)
(d:/texlive/2026/texmf-dist/tex/generic/pgf/frontendlayer/tikz/libraries/tikzli
braryshapes.geometric.code.tex
File: tikzlibraryshapes.geometric.code.tex 2025-08-29 v3.1.11a (3.1.11a)

(d:/texlive/2026/texmf-dist/tex/generic/pgf/libraries/shapes/pgflibraryshapes.g
eometric.code.tex
File: pgflibraryshapes.geometric.code.tex 2025-08-29 v3.1.11a (3.1.11a)
))
\c@m-new-env-first=\count776
\c@m-new-env-second=\count777
)
Package csquotes Info: Checking for multilingual support...
Package csquotes Info: ... found 'babel' package.
Package csquotes Info: Adjusting default style.
Package csquotes Info: Redefining alias 'default' -> 'russian'.
LaTeX Font Info:    Trying to load font information for T1+Tempora-TLF on input
 line 35.

(d:/texlive/2026/texmf-dist/tex/latex/tempora/T1Tempora-TLF.fd
File: T1Tempora-TLF.fd 2016/02/02 (autoinst) Font definitions for T1/Tempora-TL
F.
)
LaTeX Font Info:    Font shape `T1/Tempora-TLF/m/n' will be
(Font)              scaled to size 14.05249pt on input line 35.
<<t1.cmap>>
(./My_practice.aux
LaTeX Font Info:    Trying to load font information for T2A+Tempora-TLF on inpu
t line 12.

(d:/texlive/2026/texmf-dist/tex/latex/tempora/t2atempora-tlf.fd
File: t2atempora-tlf.fd 2015/09/13 Font definitions for T2A/Tempora-TLF.
)
LaTeX Font Info:    Font shape `T2A/Tempora-TLF/m/n' will be
(Font)              scaled to size 14.05249pt on input line 12.
<<t2a.cmap>>
Package babel Info: 'russian' activates 'russian' shorthands.
(babel)             Reported on input line 12.
\c@mypages@totc=\count778
\c@TotPages@totc=\count779
\c@myfigures@totc=\count780
\c@mytotalfigures@totc=\count781
\c@mytables@totc=\count782
\c@mytotaltables@totc=\count783
\c@myappendices@totc=\count784
)
\openout1 = `My_practice.aux'.

LaTeX Font Info:    Checking defaults for OML/ntxmi/m/it on input line 35.
LaTeX Font Info:    Trying to load font information for OML+ntxmi on input line
 35.

(d:/texlive/2026/texmf-dist/tex/latex/newtx/omlntxmi.fd
File: omlntxmi.fd 2015/08/25 Fontinst v1.933 font definitions for OML/ntxmi.
)
LaTeX Font Info:    ... okay on input line 35.
LaTeX Font Info:    Checking defaults for OMS/cmsy/m/n on input line 35.
LaTeX Font Info:    ... okay on input line 35.
LaTeX Font Info:    Checking defaults for OT1/cmr/m/n on input line 35.
LaTeX Font Info:    ... okay on input line 35.
LaTeX Font Info:    Checking defaults for T1/cmr/m/n on input line 35.
LaTeX Font Info:    ... okay on input line 35.
LaTeX Font Info:    Checking defaults for TS1/cmr/m/n on input line 35.
LaTeX Font Info:    ... okay on input line 35.
LaTeX Font Info:    Checking defaults for OMX/cmex/m/n on input line 35.
LaTeX Font Info:    ... okay on input line 35.
LaTeX Font Info:    Checking defaults for U/ntxexa/m/n on input line 35.
LaTeX Font Info:    Trying to load font information for U+ntxexa on input line 
35.

(d:/texlive/2026/texmf-dist/tex/latex/newtx/untxexa.fd
File: untxexa.fd 2012/04/16 Fontinst v1.933 font definitions for U/ntxexa.
)
LaTeX Font Info:    ... okay on input line 35.
LaTeX Font Info:    Checking defaults for T2A/cmr/m/n on input line 35.
LaTeX Font Info:    Trying to load font information for T2A+cmr on input line 3
5.

(d:/texlive/2026/texmf-dist/tex/latex/cyrillic/t2acmr.fd
File: t2acmr.fd 2001/08/11 v1.0a Computer Modern Cyrillic font definitions
)
LaTeX Font Info:    ... okay on input line 35.
LaTeX Font Info:    Checking defaults for OT2/cmr/m/n on input line 35.
LaTeX Font Info:    Trying to load font information for OT2+cmr on input line 3
5.

(d:/texlive/2026/texmf-dist/tex/latex/cyrillic/ot2cmr.fd
File: ot2cmr.fd 2001/08/11 v3.2c Computer Modern Cyrillic font definitions
)
LaTeX Font Info:    ... okay on input line 35.
LaTeX Font Info:    Checking defaults for T2C/cmr/m/n on input line 35.
LaTeX Font Info:    Trying to load font information for T2C+cmr on input line 3
5.

(d:/texlive/2026/texmf-dist/tex/latex/cyrillic/t2ccmr.fd
File: t2ccmr.fd 2001/08/11 v1.0a Computer Modern Cyrillic font definitions
)
LaTeX Font Info:    ... okay on input line 35.
LaTeX Font Info:    Checking defaults for T2B/cmr/m/n on input line 35.
LaTeX Font Info:    Trying to load font information for T2B+cmr on input line 3
5.

(d:/texlive/2026/texmf-dist/tex/latex/cyrillic/t2bcmr.fd
File: t2bcmr.fd 2001/08/11 v1.0a Computer Modern Cyrillic font definitions
)
LaTeX Font Info:    ... okay on input line 35.
LaTeX Font Info:    Checking defaults for LGR/cmr/m/n on input line 35.
LaTeX Font Info:    Trying to load font information for LGR+cmr on input line 3
5.

(d:/texlive/2026/texmf-dist/tex/latex/cbfonts-fd/lgrcmr.fd
File: lgrcmr.fd 2017/07/29 v1.2 Greek European Computer Regular
)
LaTeX Font Info:    ... okay on input line 35.
LaTeX Font Info:    Checking defaults for LMS/ntxsy/m/n on input line 35.
LaTeX Font Info:    Trying to load font information for LMS+ntxsy on input line
 35.

(d:/texlive/2026/texmf-dist/tex/latex/newtx/lmsntxsy.fd
File: lmsntxsy.fd 2016/07/02 Fontinst v1.933 font definitions for LMS/ntxsy.
)
LaTeX Font Info:    ... okay on input line 35.
LaTeX Font Info:    Checking defaults for LMX/ntxexx/m/n on input line 35.
LaTeX Font Info:    Trying to load font information for LMX+ntxexx on input lin
e 35.

(d:/texlive/2026/texmf-dist/tex/latex/newtx/lmxntxexx.fd
File: lmxntxexx.fd 2016/07/03 Fontinst v1.933 font definitions for LMX/ntxexx.
)
LaTeX Font Info:    ... okay on input line 35.
LaTeX Font Info:    Checking defaults for PD1/pdf/m/n on input line 35.
LaTeX Font Info:    ... okay on input line 35.
LaTeX Font Info:    Checking defaults for PU/pdf/m/n on input line 35.
LaTeX Font Info:    ... okay on input line 35.
Package nag Info: pgf.sty is broken: disabling dollar check on input line 35.
Package nag Info: Command \RaggedLeft not defined, skipping amendment on input 
line 35.
Package nag Info: Command \RaggedRight not defined, skipping amendment on input
 line 35.

(d:/texlive/2026/texmf-dist/tex/context/base/mkii/supp-pdf.mkii
[Loading MPS to PDF converter (version 2006.09.02).]
\scratchcounter=\count785
\scratchdimen=\dimen417
\scratchbox=\box151
\nofMPsegments=\count786
\nofMParguments=\count787
\everyMPshowfont=\toks83
\MPscratchCnt=\count788
\MPscratchDim=\dimen418
\MPnumerator=\count789
\makeMPintoPDFobject=\count790
\everyMPtoPDFconversion=\toks84
) (d:/texlive/2026/texmf-dist/tex/latex/epstopdf-pkg/epstopdf-base.sty
Package: epstopdf-base 2020-01-24 v2.11 Base part for package epstopdf
Package epstopdf-base Info: Redefining graphics rule for `.eps' on input line 4
85.

(d:/texlive/2026/texmf-dist/tex/latex/latexconfig/epstopdf-sys.cfg
File: epstopdf-sys.cfg 2010/07/13 v1.3 Configuration of (r)epstopdf for TeX Liv
e
))
*geometry* driver: auto-detecting
*geometry* detected driver: pdftex
*geometry* verbose mode - [ preamble ] result:
* driver: pdftex
* paper: a4paper
* layout: <same size as paper>
* layoutoffset:(h,v)=(0.0pt,0.0pt)
* modes: 
* h-part:(L,W,R)=(85.35826pt, 483.69687pt, 28.45274pt)
* v-part:(T,H,B)=(56.9055pt, 731.23584pt, 56.9055pt)
* \paperwidth=597.50787pt
* \paperheight=845.04684pt
* \textwidth=483.69687pt
* \textheight=731.23584pt
* \oddsidemargin=13.08827pt
* \evensidemargin=13.08827pt
* \topmargin=-58.0436pt
* \headheight=28.45274pt
* \headsep=14.22636pt
* \topskip=14.4pt
* \footskip=0.0pt
* \marginparwidth=0.0pt
* \marginparsep=0.0pt
* \columnsep=10.0pt
* \skip\footins=12.0pt plus 4.0pt minus 4.0pt
* \hoffset=0.0pt
* \voffset=0.0pt
* \mag=1000
* \@twocolumnfalse
* \@twosidefalse
* \@mparswitchfalse
* \@reversemarginfalse
* (1in=72.27pt=25.4mm, 1cm=28.453pt)

LaTeX Info: Command `\dddot' is already robust on input line 35.
LaTeX Info: Command `\ddddot' is already robust on input line 35.
LaTeX Info: Redefining \th on input line 35.
\c@mv@tabular=\count791
\c@mv@boldtabular=\count792
Package hyperref Info: Link coloring OFF on input line 35.
(./My_practice.out) (./My_practice.out)
\@outlinefile=\write9
\openout9 = `My_practice.out'.

Package caption Info: Begin \AtBeginDocument code.
Package caption Info: listings package is loaded.
Package caption Info: End \AtBeginDocument code.


Package layouts Warning: Layout scale set to 0.5 on input line 35.

\c@lstlisting=\count793
Package microtype Info: Patching varwidth to enable character protrusion.
\MT@vwid@leftmargin=\dimen419
\MT@vwid@rightmargin=\dimen420
LaTeX Info: Redefining \microtypecontext on input line 35.
Package microtype Info: Applying patch `item' on input line 35.
Package microtype Info: Applying patch `toc' on input line 35.
Package microtype Info: Applying patch `eqnum' on input line 35.
Package microtype Info: Applying patch `footnote' on input line 35.
Package microtype Info: Applying patch `verbatim' on input line 35.
LaTeX Info: Redefining \microtypesetup on input line 35.
Package microtype Info: Generating PDF output.
Package microtype Info: Character protrusion enabled (level 2).
Package microtype Info: Using default protrusion set `alltext'.
Package microtype Info: Automatic font expansion enabled (level 2),
(microtype)             stretch: 20, shrink: 20, step: 1, non-selected.
Package microtype Info: Using default expansion set `alltext-nott'.
Package microtype Info: Patching command `\showhyphens'.
Package microtype Info: No adjustment of tracking.
Package microtype Info: No adjustment of interword spacing.
Package microtype Info: No adjustment of character kerning.
(d:/texlive/2026/texmf-dist/tex/latex/microtype/mt-ptm.cfg
File: mt-ptm.cfg 2006/04/20 v1.7 microtype config. file: Times (RS)
)
Package microtype Info: Loading generic protrusion settings for font family
(microtype)             `Tempora-TLF' (encoding: T2A).
(microtype)             For optimal results, create family-specific settings.
(microtype)             See the microtype manual for details.
Package biblatex Info: Trying to load language 'russian' -> 'russian-gost'...
Package biblatex Info: ... file 'russian-gost.lbx' found.

(d:/texlive/2026/texmf-dist/tex/latex/biblatex-gost/russian-gost.lbx
File: russian-gost.lbx 2023/04/25 v1.24 biblatex-gost styles
Package biblatex Info: Trying to load language 'russian'...
Package biblatex Info: ... file 'russian.lbx' found.

(d:/texlive/2026/texmf-dist/tex/latex/biblatex/lbx/russian.lbx
File: russian.lbx 2025/07/10 v3.21 biblatex localization (PK/MW)
)
Package biblatex Info: Trying to load language 'russian'...
Package biblatex Info: ... file 'russian.lbx' found.

(d:/texlive/2026/texmf-dist/tex/latex/biblatex/lbx/russian.lbx
File: russian.lbx 2025/07/10 v3.21 biblatex localization (PK/MW)
))
Package biblatex Info: Trying to load language 'english' -> 'english-gost'...
Package biblatex Info: ... file 'english-gost.lbx' found.

(d:/texlive/2026/texmf-dist/tex/latex/biblatex-gost/english-gost.lbx
File: english-gost.lbx 2023/04/25 v1.24 biblatex-gost styles
Package biblatex Info: Trying to load language 'english'...
Package biblatex Info: ... file 'english.lbx' found.

(d:/texlive/2026/texmf-dist/tex/latex/biblatex/lbx/english.lbx
File: english.lbx 2025/07/10 v3.21 biblatex localization (PK/MW)
)
Package biblatex Info: Trying to load language 'english'...
Package biblatex Info: ... file 'english.lbx' found.

(d:/texlive/2026/texmf-dist/tex/latex/biblatex/lbx/english.lbx
File: english.lbx 2025/07/10 v3.21 biblatex localization (PK/MW)
))
Package biblatex Info: Input encoding 'utf8' detected.
Package biblatex Info: Data encoding 'utf8' specified.
(biblatex)             No need to reencode data.
\openout7 = `My_practice.bcf'.

Package biblatex Info: Trying to load bibliographic data...
Package biblatex Info: ... file 'My_practice.bbl' found.

(./My_practice.bbl)
Package biblatex Info: Reference section=0 on input line 35.
Package biblatex Info: Reference segment=0 on input line 35.
Package nag Info: Command \captionabove not defined, skipping amendment on inpu
t line 35.
Package nag Info: Command \captionbelow not defined, skipping amendment on inpu
t line 35.
Package nag Info: Command \hc@caption not defined, skipping amendment on input 
line 35.
Package nag Info: Command \topcaption not defined, skipping amendment on input 
line 35.
 (./template_settings/common/renames.tex)
(./my_folder/practice.tex
*geometry* verbose mode - [ newgeometry ] result:
* driver: pdftex
* paper: a4paper
* layout: <same size as paper>
* layoutoffset:(h,v)=(0.0pt,0.0pt)
* modes: 
* h-part:(L,W,R)=(85.35826pt, 483.69687pt, 28.45274pt)
* v-part:(T,H,B)=(56.9055pt, 731.23584pt, 56.9055pt)
* \paperwidth=597.50787pt
* \paperheight=845.04684pt
* \textwidth=483.69687pt
* \textheight=731.23584pt
* \oddsidemargin=13.08827pt
* \evensidemargin=13.08827pt
* \topmargin=-43.81723pt
* \headheight=28.45274pt
* \headsep=0.0pt
* \topskip=14.4pt
* \footskip=0.0pt
* \marginparwidth=0.0pt
* \marginparsep=0.0pt
* \columnsep=10.0pt
* \skip\footins=12.0pt plus 4.0pt minus 4.0pt
* \hoffset=0.0pt
* \voffset=0.0pt
* \mag=1000
* \@twocolumnfalse
* \@twosidefalse
* \@mparswitchfalse
* \@reversemarginfalse
* (1in=72.27pt=25.4mm, 1cm=28.453pt)

LaTeX Font Info:    Font shape `T2A/Tempora-TLF/b/n' will be
(Font)              scaled to size 14.05249pt on input line 13.
LaTeX Font Info:    Font shape `T2A/Tempora-TLF/b/n' will be
(Font)              scaled to size 16.0pt on input line 23.
LaTeX Font Info:    Calculating math sizes for size <16> on input line 24.
LaTeX Font Info:    Trying to load font information for OT1+Tempora-TLF on inpu
t line 24.

(d:/texlive/2026/texmf-dist/tex/latex/tempora/OT1Tempora-TLF.fd
File: OT1Tempora-TLF.fd 2016/02/02 (autoinst) Font definitions for OT1/Tempora-
TLF.
)
LaTeX Font Info:    Font shape `OT1/Tempora-TLF/m/n' will be
(Font)              scaled to size 16.0pt on input line 24.
<<ot1.cmap>>
LaTeX Font Info:    Font shape `OT1/Tempora-TLF/m/n' will be
(Font)              scaled to size 11.67993pt on input line 24.
LaTeX Font Info:    Font shape `OT1/Tempora-TLF/m/n' will be
(Font)              scaled to size 8.80005pt on input line 24.
LaTeX Font Info:    Font shape `OML/ntxmi/m/it' will be
(Font)              scaled to size 16.0pt on input line 24.
<<oml.cmap>>
LaTeX Font Info:    Font shape `OML/ntxmi/m/it' will be
(Font)              scaled to size 11.67993pt on input line 24.
LaTeX Font Info:    Font shape `OML/ntxmi/m/it' will be
(Font)              scaled to size 8.80005pt on input line 24.
LaTeX Font Info:    Font shape `LMS/ntxsy/m/n' will be
(Font)              scaled to size 16.0pt on input line 24.
LaTeX Font Info:    Font shape `LMS/ntxsy/m/n' will be
(Font)              scaled to size 11.67993pt on input line 24.
LaTeX Font Info:    Font shape `LMS/ntxsy/m/n' will be
(Font)              scaled to size 8.80005pt on input line 24.
LaTeX Font Info:    Font shape `LMX/ntxexx/m/n' will be
(Font)              scaled to size 16.0pt on input line 24.
LaTeX Font Info:    Font shape `LMX/ntxexx/m/n' will be
(Font)              scaled to size 11.67993pt on input line 24.
LaTeX Font Info:    Font shape `LMX/ntxexx/m/n' will be
(Font)              scaled to size 8.80005pt on input line 24.
LaTeX Font Info:    Trying to load font information for U+msa on input line 24.

 (d:/texlive/2026/texmf-dist/tex/latex/amsfonts/umsa.fd
File: umsa.fd 2013/01/14 v3.01 AMS symbols A
)
(d:/texlive/2026/texmf-dist/tex/latex/microtype/mt-msa.cfg
File: mt-msa.cfg 2006/02/04 v1.1 microtype config. file: AMS symbols (a) (RS)
)
LaTeX Font Info:    Trying to load font information for U+msb on input line 24.


(d:/texlive/2026/texmf-dist/tex/latex/amsfonts/umsb.fd
File: umsb.fd 2013/01/14 v3.01 AMS symbols B
)
(d:/texlive/2026/texmf-dist/tex/latex/microtype/mt-msb.cfg
File: mt-msb.cfg 2005/06/01 v1.0 microtype config. file: AMS symbols (b) (RS)
)
LaTeX Font Info:    Trying to load font information for U+ntxmia on input line 
24.

(d:/texlive/2026/texmf-dist/tex/latex/newtx/untxmia.fd
File: untxmia.fd 2024/04/09 Fontinst v1.933 font definitions for U/ntxmia.
)
LaTeX Font Info:    Font shape `U/ntxmia/m/it' will be
(Font)              scaled to size 16.0pt on input line 24.
LaTeX Font Info:    Font shape `U/ntxmia/m/it' will be
(Font)              scaled to size 11.67993pt on input line 24.
LaTeX Font Info:    Font shape `U/ntxmia/m/it' will be
(Font)              scaled to size 8.80005pt on input line 24.
LaTeX Font Info:    Trying to load font information for U+ntxsym on input line 
24.

(d:/texlive/2026/texmf-dist/tex/latex/newtx/untxsym.fd
File: untxsym.fd 2023/08/16 Fontinst v1.933 font definitions for U/ntxsym.
)
LaTeX Font Info:    Font shape `U/ntxsym/m/n' will be
(Font)              scaled to size 16.0pt on input line 24.
LaTeX Font Info:    Font shape `U/ntxsym/m/n' will be
(Font)              scaled to size 11.67993pt on input line 24.
LaTeX Font Info:    Font shape `U/ntxsym/m/n' will be
(Font)              scaled to size 8.80005pt on input line 24.
LaTeX Font Info:    Trying to load font information for U+ntxsyc on input line 
24.

(d:/texlive/2026/texmf-dist/tex/latex/newtx/untxsyc.fd
File: untxsyc.fd 2012/04/12 Fontinst v1.933 font definitions for U/ntxsyc.
)
LaTeX Font Info:    Font shape `U/ntxsyc/m/n' will be
(Font)              scaled to size 16.0pt on input line 24.
LaTeX Font Info:    Font shape `U/ntxsyc/m/n' will be
(Font)              scaled to size 11.67993pt on input line 24.
LaTeX Font Info:    Font shape `U/ntxsyc/m/n' will be
(Font)              scaled to size 8.80005pt on input line 24.
LaTeX Font Info:    Font shape `U/ntxexa/m/n' will be
(Font)              scaled to size 16.0pt on input line 24.
LaTeX Font Info:    Font shape `U/ntxexa/m/n' will be
(Font)              scaled to size 11.67993pt on input line 24.
LaTeX Font Info:    Font shape `U/ntxexa/m/n' will be
(Font)              scaled to size 8.80005pt on input line 24.
LaTeX Font Info:    Font shape `OT1/Tempora-TLF/b/n' will be
(Font)              scaled to size 16.0pt on input line 24.
LaTeX Font Info:    Font shape `OT1/Tempora-TLF/b/n' will be
(Font)              scaled to size 11.67993pt on input line 24.
LaTeX Font Info:    Font shape `OT1/Tempora-TLF/b/n' will be
(Font)              scaled to size 8.80005pt on input line 24.
LaTeX Font Info:    Font shape `OML/ntxmi/b/it' will be
(Font)              scaled to size 16.0pt on input line 24.
LaTeX Font Info:    Font shape `OML/ntxmi/b/it' will be
(Font)              scaled to size 11.67993pt on input line 24.
LaTeX Font Info:    Font shape `OML/ntxmi/b/it' will be
(Font)              scaled to size 8.80005pt on input line 24.
LaTeX Font Info:    Font shape `LMS/ntxsy/b/n' will be
(Font)              scaled to size 16.0pt on input line 24.
LaTeX Font Info:    Font shape `LMS/ntxsy/b/n' will be
(Font)              scaled to size 11.67993pt on input line 24.
LaTeX Font Info:    Font shape `LMS/ntxsy/b/n' will be
(Font)              scaled to size 8.80005pt on input line 24.
LaTeX Font Info:    Font shape `LMX/ntxexx/b/n' will be
(Font)              scaled to size 16.0pt on input line 24.
LaTeX Font Info:    Font shape `LMX/ntxexx/b/n' will be
(Font)              scaled to size 11.67993pt on input line 24.
LaTeX Font Info:    Font shape `LMX/ntxexx/b/n' will be
(Font)              scaled to size 8.80005pt on input line 24.

(d:/texlive/2026/texmf-dist/tex/latex/microtype/mt-eur.cfg
File: mt-eur.cfg 2006/07/31 v1.1 microtype config. file: AMS Euler Roman (RS)
)
Overfull \hbox (2.10788pt too wide) has occurred while \output is active
 []
 []


Overfull \hbox (2.10788pt too wide) has occurred while \output is active
 []
 []

[1.1


{d:/texlive/2026/texmf-var/fonts/map/pdftex/updmap/pdftex.map}{d:/texlive/2026/
texmf-dist/fonts/enc/dvips/tempora/t2a-tempora.enc}])
(./my_folder/contents.tex (./My_practice.toc
Package cleveref Info: loaded `russian' language definitions on input line 2.
Package cleveref Info: loaded `russian' language definitions on input line 25.
Package cleveref Info: loaded `russian' language definitions on input line 27.
Package cleveref Info: loaded `russian' language definitions on input line 29.
Package cleveref Info: loaded `russian' language definitions on input line 31.
Package cleveref Info: loaded `russian' language definitions on input line 33.
Package cleveref Info: loaded `russian' language definitions on input line 35.
Package cleveref Info: loaded `russian' language definitions on input line 37.
Package cleveref Info: loaded `russian' language definitions on input line 39.
Package cleveref Info: loaded `russian' language definitions on input line 40.
Package cleveref Info: loaded `russian' language definitions on input line 41.
Package cleveref Info: loaded `russian' language definitions on input line 43.
Package cleveref Info: loaded `russian' language definitions on input line 45.
)
Overfull \hbox (2.10788pt too wide) has occurred while \output is active
 []
 []


Class memoir Warning: The material used in the footer is too large
(12.64719pt) for the given foot skip (0.0pt), it is recommended to
either increase the foot skip or redesign the footer
(in both cases you will find help in the memoir manual). on input line 21.


Overfull \hbox (2.10788pt too wide) has occurred while \output is active
 []
 []

[2.2




]) (./my_folder/introduction.tex
Underfull \hbox (badness 10000) in paragraph at lines 4--5
[]\T2A/Tempora-TLF/m/n/14.05249 (+20) Поведенческая раз^^?ра^^?бот^^?ка че^^?ре
з те^^?сти^^?ро^^?ва^^?ние (Behaviour-^^?Driven
 []

) (./my_folder/chapter1.tex
Overfull \hbox (2.10788pt too wide) has occurred while \output is active
 []
 []


Overfull \hbox (2.10788pt too wide) has occurred while \output is active
 []
 []

[3.3

{d:/texlive/2026/texmf-dist/fonts/enc/dvips/tempora/tmp_q3dzgc.enc}]
{\cyrillictext \CYRG \cyrl \cyra \cyrv \cyra } 1.
LaTeX Font Info:    Font shape `T2A/Tempora-TLF/m/n' will be
(Font)              scaled to size 12.0pt on input line 25.
Package microtype Info: Loading generic protrusion settings for font family
(microtype)             `cmtt' (encoding: T2A).
(microtype)             For optimal results, create family-specific settings.
(microtype)             See the microtype manual for details.

Overfull \hbox (2.10788pt too wide) has occurred while \output is active
 []
 []


Overfull \hbox (2.10788pt too wide) has occurred while \output is active
 []
 []

[4.4

{d:/texlive/2026/texmf-dist/fonts/enc/dvips/cm-super/cm-super-t2a.enc}]
Underfull \hbox (badness 10000) in paragraph at lines 98--98
[]|\T2A/Tempora-TLF/m/n/12 (+20) Интеграция с
 []


Overfull \hbox (2.10788pt too wide) has occurred while \output is active
 []
 []


Overfull \hbox (2.10788pt too wide) has occurred while \output is active
 []
 []

[5.5]
Overfull \hbox (9.26181pt too wide) in paragraph at lines 119--126
[]\T2A/Tempora-TLF/b/n/14.05249 (-20) Feature: Ана^^?лиз па^^?лин^^?дром^^?ных 
под^^?строк \T2A/Tempora-TLF/m/n/14.05249 (-20) (\T2A/cmtt/m/n/14.05249 palindr
ome_analysis.feature\T2A/Tempora-TLF/m/n/14.05249 (-20) ).
 []


Underfull \hbox (badness 1430) in paragraph at lines 152--152
[]|\T2A/Tempora-TLF/m/n/12 (+20) Отчјт со^^?дер^^?жит ис^^?ход^^?ную
 []


Underfull \hbox (badness 4726) in paragraph at lines 157--163
[]\T2A/Tempora-TLF/b/n/14.05249 (+20) Feature: За^^?груз^^?ка ис^^?ход^^?ной ст
ро^^?ки и со^^?хра^^?не^^?ние ре^^?зуль^^?та^^?та
 []


Overfull \hbox (2.10788pt too wide) has occurred while \output is active
 []
 []


Overfull \hbox (2.10788pt too wide) has occurred while \output is active
 []
 []

[6.6]
Overfull \hbox (100.93344pt too wide) in paragraph at lines 170--180
[]\T2A/Tempora-TLF/b/n/14.05249 (-20) Feature: Срав^^?не^^?ние про^^?из^^?во^^?
ди^^?тель^^?но^^?сти ал^^?го^^?рит^^?мов \T2A/Tempora-TLF/m/n/14.05249 (-20) (\
T2A/cmtt/m/n/14.05249 performance_comparison.feature\T2A/Tempora-TLF/m/n/14.052
49 (-20) ).
 []

LaTeX Font Info:    Font shape `T2A/Tempora-TLF/b/it' will be
(Font)              scaled to size 14.05249pt on input line 181.

Overfull \hbox (18.73006pt too wide) in paragraph at lines 201--201
[]|\T2A/cmtt/m/n/12 palindrome_analysis.feature| 
 []


Overfull \hbox (37.25053pt too wide) in paragraph at lines 203--203
[]|\T2A/cmtt/m/n/12 performance_comparison.feature| 
 []

) (./my_folder/chapter2.tex
{\cyrillictext \CYRG \cyrl \cyra \cyrv \cyra } 2.

Overfull \hbox (2.10788pt too wide) has occurred while \output is active
 []
 []


Overfull \hbox (2.10788pt too wide) has occurred while \output is active
 []
 []

[7.7]
ignored: Infinite glue shrinkage found in box being split
Overfull \hbox (2.10788pt too wide) has occurred while \output is active
 []
 []


Overfull \hbox (2.10788pt too wide) has occurred while \output is active
 []
 []

[8.8]
LaTeX Font Info:    Font shape `T2A/cmtt/bx/n' in size <14.05249> not available

(Font)              Font shape `T2A/cmtt/m/n' tried instead on input line 75.

Underfull \hbox (badness 10000) in paragraph at lines 114--114
[]|\T2A/Tempora-TLF/m/n/12 (+20) Псевдослучайная
 []


Overfull \hbox (2.10788pt too wide) has occurred while \output is active
 []
 []


Overfull \hbox (2.10788pt too wide) has occurred while \output is active
 []
 []

[9.9]
Overfull \hbox (20.73941pt too wide) in alignment at lines 144--150
 [] [] [] [] [] [] 
 []


Overfull \hbox (20.73941pt too wide) in alignment at lines 150--153
 [] [] [] [] [] [] 
 []


Overfull \hbox (20.73941pt too wide) in alignment at lines 153--162
 [] [] [] [] [] [] 
 []


ignored: Infinite glue shrinkage found in box being split
Overfull \hbox (2.10788pt too wide) has occurred while \output is active
 []
 []


Overfull \hbox (2.10788pt too wide) has occurred while \output is active
 []
 []

[10.10]
Overfull \hbox (2.10788pt too wide) has occurred while \output is active
 []
 []


Overfull \hbox (2.10788pt too wide) has occurred while \output is active
 []
 []

[11.11]
Underfull \hbox (badness 2922) in paragraph at lines 265--269
[]\T2A/Tempora-TLF/m/n/14.05249 (+20) Профилирование в рам^^?ках BDD-^^?тести^^
?ро^^?ва^^?ния пред^^?став^^?ля^^?ет со^^?бой
 []


Underfull \hbox (badness 1975) in paragraph at lines 265--269
\T2A/Tempora-TLF/m/n/14.05249 (+20) сбор и ана^^?лиз вре^^?мен^^?ных мет^^?рик 
непо^^?сред^^?ствен^^?но во вре^^?мя вы^^?пол^^?не^^?
 []


Overfull \hbox (213.85155pt too wide) in paragraph at lines 277--281
[]\T2A/Tempora-TLF/m/n/14.05249 (-20) После за^^?пус^^?ка ко^^?ман^^?ды \T2A/cm
tt/m/n/14.05249 npm run perf \T2A/Tempora-TLF/m/n/14.05249 (-20) фор^^?ми^^?ру^
^?ют^^?ся фай^^?лы \T2A/cmtt/m/n/14.05249 reports/performance/performance-resul
ts.json
 []


Overfull \hbox (17.8944pt too wide) in alignment at lines 286--292
 [] [] [] [] [] [] 
 []


Overfull \hbox (17.8944pt too wide) in alignment at lines 292--295
 [] [] [] [] [] [] 
 []


Overfull \hbox (17.8944pt too wide) in alignment at lines 295--304
 [] [] [] [] [] [] 
 []

) (./my_folder/chapter3.tex
{\cyrillictext \CYRG \cyrl \cyra \cyrv \cyra } 3.

Overfull \hbox (2.10788pt too wide) has occurred while \output is active
 []
 []


Overfull \hbox (2.10788pt too wide) has occurred while \output is active
 []
 []

[12.12]
Overfull \hbox (15.04892pt too wide) in alignment at lines 13--19
 [] [] [] [] [] [] 
 []


Overfull \hbox (15.04892pt too wide) in alignment at lines 19--22
 [] [] [] [] [] [] 
 []


Overfull \hbox (15.04892pt too wide) in alignment at lines 22--31
 [] [] [] [] [] [] 
 []


LaTeX Warning: `h' float specifier changed to `ht'.


Overfull \hbox (2.10788pt too wide) has occurred while \output is active
 []
 []


Overfull \hbox (2.10788pt too wide) has occurred while \output is active
 []
 []

[13.13]
Underfull \hbox (badness 3861) in paragraph at lines 105--105
[]|\T2A/Tempora-TLF/m/n/12 (+20) Расширение от
 []


Underfull \hbox (badness 3861) in paragraph at lines 108--108
[]|\T2A/Tempora-TLF/m/n/12 (+20) Расширение от
 []


Underfull \hbox (badness 2334) in paragraph at lines 111--111
\T2A/Tempora-TLF/m/n/12 (+20) по^^?чти^^?те^^?лен как уни^^?вер^^?
 []


Underfull \hbox (badness 10000) in paragraph at lines 114--114
[]|\T2A/Tempora-TLF/m/n/12 (+20) Использовать Ма^^?на^^?кер;
 []


Underfull \hbox (badness 10000) in paragraph at lines 115--115
[]|\T2A/Tempora-TLF/m/n/12 (+20) Строка су^^?ще^^?ствен^^?но
 []


Overfull \hbox (1.68922pt too wide) in paragraph at lines 115--115
[]|\T2A/Tempora-TLF/m/n/12 (-20) Нецелесообразно| 
 []


Underfull \hbox (badness 1694) in paragraph at lines 116--116
[]|\T2A/Tempora-TLF/m/n/12 (+20) Функциональная про^^?
 []


Underfull \hbox (badness 10000) in paragraph at lines 116--116
[]|\T2A/Tempora-TLF/m/n/12 (+20) Расширение от цен^^?тра
 []


ignored: Infinite glue shrinkage found in box being split
Overfull \hbox (2.10788pt too wide) has occurred while \output is active
 []
 []


Overfull \hbox (2.10788pt too wide) has occurred while \output is active
 []
 []

[14.14]) (./my_folder/conclusion.tex
Overfull \hbox (2.10788pt too wide) has occurred while \output is active
 []
 []


Overfull \hbox (2.10788pt too wide) has occurred while \output is active
 []
 []

[15.15]
Underfull \hbox (badness 10000) in paragraph at lines 61--61
[]|\T2A/Tempora-TLF/m/n/12 (+20) Встроено в
 []


Overfull \hbox (28.71463pt too wide) in paragraph at lines 61--61
\T2A/cmtt/m/n/12 performance_comparison.feature| 
 []


Underfull \hbox (badness 10000) in paragraph at lines 62--62
[]|\T2A/Tempora-TLF/m/n/12 (+20) Через helper-^^?функ^^?ции и
 []


Overfull \hbox (2.10788pt too wide) has occurred while \output is active
 []
 []


Overfull \hbox (2.10788pt too wide) has occurred while \output is active
 []
 []

[16.16]) (./my_folder/references.tex
Overfull \hbox (2.10788pt too wide) has occurred while \output is active
 []
 []


Overfull \hbox (2.10788pt too wide) has occurred while \output is active
 []
 []

[17.17]
LaTeX Font Info:    Font shape `T1/Tempora-TLF/m/it' will be
(Font)              scaled to size 14.05249pt on input line 17.
Package cleveref Info: loaded `russian' language definitions on input line 17.
Package cleveref Info: loaded `russian' language definitions on input line 17.
Package cleveref Info: loaded `russian' language definitions on input line 17.
Package cleveref Info: loaded `russian' language definitions on input line 17.
Package cleveref Info: loaded `russian' language definitions on input line 17.
Package cleveref Info: loaded `russian' language definitions on input line 17.
Package cleveref Info: loaded `russian' language definitions on input line 17.
Package cleveref Info: loaded `russian' language definitions on input line 17.
Package cleveref Info: loaded `russian' language definitions on input line 17.
LaTeX Font Info:    Font shape `T2A/Tempora-TLF/m/it' will be
(Font)              scaled to size 14.05249pt on input line 17.
Package cleveref Info: loaded `russian' language definitions on input line 17.
Package cleveref Info: loaded `russian' language definitions on input line 17.
Package cleveref Info: loaded `russian' language definitions on input line 17.
)

Package xassoccnt Warning: Warning: An accidental(?) addition of associated
(xassoccnt)                counter(s) without DeclareAssociatedCounters was
(xassoccnt)                detected for
(xassoccnt)                the driver counter "chapter" and following driven
(xassoccnt)                counters:
(xassoccnt)                --- myappendices ---


Overfull \hbox (2.10788pt too wide) has occurred while \output is active
 []
 []


Overfull \hbox (2.10788pt too wide) has occurred while \output is active
 []
 []

[18.18{d:/texlive/2026/texmf-dist/fonts/enc/dvips/tempora/tmp_aq2g6w.enc}{d:/te
xlive/2026/texmf-dist/fonts/enc/dvips/tempora/tmp_jglahm.enc}]
(./my_folder/appendix1.tex

! Package Listings Error: File `palindrome_app/scripts/stringDataset(.js)' not 
found.

Type X to quit or <RETURN> to proceed,
or enter new name. (Default extension: js)

Enter file name: 

! Package Listings Error: File `palindrome_app/scripts/performanceCore(.js)' no
t found.

Type X to quit or <RETURN> to proceed,
or enter new name. (Default extension: js)

Enter file name: 

! Package Listings Error: File `palindrome_app/scripts/generateDatasets(.js)' n
ot found.

Type X to quit or <RETURN> to proceed,
or enter new name. (Default extension: js)

Enter file name: 

! Package Listings Error: File `palindrome_app/scripts/runPerformanceExperiment
(.js)' not found.

Type X to quit or <RETURN> to proceed,
or enter new name. (Default extension: js)

Enter file name: 
) (./my_folder/appendix2.tex
Overfull \hbox (2.10788pt too wide) has occurred while \output is active
 []
 []


Overfull \hbox (2.10788pt too wide) has occurred while \output is active
 []
 []

[19.19]

! Package Listings Error: File `palindrome_app/features/palindrome_analysis(.fe
ature)' not found.

Type X to quit or <RETURN> to proceed,
or enter new name. (Default extension: feature)

Enter file name: 

! Package Listings Error: File `palindrome_app/features/json_io(.feature)' not 
found.

Type X to quit or <RETURN> to proceed,
or enter new name. (Default extension: feature)

Enter file name: 

! Package Listings Error: File `palindrome_app/features/performance_comparison(
.feature)' not found.

Type X to quit or <RETURN> to proceed,
or enter new name. (Default extension: feature)

Enter file name: 

! Package Listings Error: File `palindrome_app/features/support/world(.js)' not
 found.

Type X to quit or <RETURN> to proceed,
or enter new name. (Default extension: js)

Enter file name: 

! Package Listings Error: File `palindrome_app/features/step_definitions/palind
romeSteps(.js)' not found.

Type X to quit or <RETURN> to proceed,
or enter new name. (Default extension: js)

Enter file name: 
)

Class memoir Warning: The material used in the footer is too large
(12.64719pt) for the given foot skip (0.0pt), it is recommended to
either increase the foot skip or redesign the footer
(in both cases you will find help in the memoir manual). on input line 76.


Package caption Warning: Unused \captionsetup[subfigure] on input line 138.
See the caption package documentation for explanation.


Package caption Warning: Unused \captionsetup[ListingEnv] on input line 238.
See the caption package documentation for explanation.

No complaints by nag.

Overfull \hbox (2.10788pt too wide) has occurred while \output is active
 []
 []


Overfull \hbox (2.10788pt too wide) has occurred while \output is active
 []
 []

[20.20]
\tf@toc=\write10
\openout10 = `My_practice.toc'.

 (./My_practice.aux
Package cleveref Info: loaded `russian' language definitions on input line 12.
Package cleveref Info: loaded `russian' language definitions on input line 224.

Package cleveref Info: loaded `russian' language definitions on input line 226.

Package cleveref Info: loaded `russian' language definitions on input line 228.

Package cleveref Info: loaded `russian' language definitions on input line 230.

Package cleveref Info: loaded `russian' language definitions on input line 232.

Package cleveref Info: loaded `russian' language definitions on input line 234.

Package cleveref Info: loaded `russian' language definitions on input line 236.

Package cleveref Info: loaded `russian' language definitions on input line 238.

Package cleveref Info: loaded `russian' language definitions on input line 239.

Package cleveref Info: loaded `russian' language definitions on input line 240.

Package cleveref Info: loaded `russian' language definitions on input line 242.

Package cleveref Info: loaded `russian' language definitions on input line 244.

)
 ***********
LaTeX2e <2025-11-01>
L3 programming layer <2020/03/25>
 ***********


LaTeX Warning: Label(s) may have changed. Rerun to get cross-references right.

Package rerunfilecheck Info: File `My_practice.out' has not changed.
(rerunfilecheck)             Checksum: 1F6790CE822865DA1D4CDD5F66A6CF62;2719.
Package logreq Info: Writing requests to 'My_practice.run.xml'.
\openout1 = `My_practice.run.xml'.

 ) 
Here is how much of TeX's memory you used:
 62245 strings out of 467351
 1176873 string characters out of 5419913
 2550464 words of memory out of 5000000
 89919 multiletter control sequences out of 15000+600000
 735050 words of font info for 267 fonts, out of 8000000 for 9000
 1141 hyphenation exceptions out of 8191
 97i,12n,123p,1238b,4353s stack positions out of 10000i,1000n,20000p,200000b,200000s
<d:/texlive/2026/texmf-dist/fonts/type1/public/newtx/NewTXMI.pfb><d:/texlive/
2026/texmf-dist/fonts/type1/public/tempora/Tempora-Bold.pfb><d:/texlive/2026/te
xmf-dist/fonts/type1/public/tempora/Tempora-BoldItalic.pfb><d:/texlive/2026/tex
mf-dist/fonts/type1/public/tempora/Tempora-Italic.pfb><d:/texlive/2026/texmf-di
st/fonts/type1/public/tempora/Tempora-Regular.pfb><d:/texlive/2026/texmf-dist/f
onts/type1/public/cm-super/sftt1200.pfb><d:/texlive/2026/texmf-dist/fonts/type1
/public/cm-super/sftt1440.pfb><d:/texlive/2026/texmf-dist/fonts/type1/public/ne
wtx/txsys.pfb>
Output written on My_practice.pdf (20 pages, 266246 bytes).
PDF statistics:
 349 PDF objects out of 1000 (max. 8388607)
 306 compressed objects within 4 object streams
 114 named destinations out of 1000 (max. 500000)
 50277 words of extra memory for PDF output out of 51595 (max. 10000000)

